,0
0,cistos foliculares
1,Minas Gerais
2,NATIONAL RESEARCH
3,RESEARCH COUNCIL
4,Mastite Teste
5,quer dizer
6,Estados Unidos
7,polpa cítrica
8,Empresa Brasileira
9,Pennisetum purpureum
10,Pesquisa Agropecuária
11,Streptococcus agalactiae
12,corrente sanguínea
13,detergente neutro
14,raios solares
15,Instrução Normativa
16,Custo Operacional
17,distúrbios metabólicos
18,intestino delgado
19,cevada úmida
20,Staphylococcus aureus
21,Taiwan A-146
22,radiação solar
23,cochos cobertos
24,reação inflamatória
25,geneticamente modificados
26,sentido leste-oeste
27,sentido norte-sul
28,núcleo Moet
29,quartos mamários
30,digestíveis totais
31,seres humanos
32,dupla aptidão
33,balanço energético
34,inimigos naturais
35,silos aéreos
36,quarto mamário
37,adubo químico
38,Cynodon dactylon
39,febre maculosa
40,dietas completas
41,reservas corporais
42,fosfato bicálcico
43,Panicum maximum
44,práticas agronômicas
45,Babesia spp.
46,Embrapa Gado
47,abrigos individuais
48,valores genéticos
49,Cynodon nlemfuensis
50,agente causador
51,bactérias Gram-negativas
52,desaleitamento precoce
53,períodos prolongados
54,clima temperado
55,desmama precoce
56,glândula mamária
57,dejeto líquido
58,origem europeia
59,prejuízos econômicos
60,seleção genômica
61,energético negativo
62,deficiências nutricionais
63,médico veterinário
64,danos causados
65,células somáticas
66,mesma coisa
67,culturas anuais
68,exame andrológico
69,primeiras semanas
70,ração concentrada
71,cocho coberto
72,segunda semana
73,cuidado especial
74,baixas temperaturas
75,primeiras 24horas
76,estresse calórico
77,longos períodos
78,primeiros jatos
79,infecções uterinas
80,índices reprodutivos
81,Guzerá dupla
82,exigências nutricionais
83,espaçamento recomendados
84,partículas pequenas
85,novas infecções
86,ressemeadura natural
87,sólidos totais
88,primeiros 100dias
89,esterco semissólido
90,nutrientes extraídas
91,microrganismos patogênicos
92,Nessa situação
93,sêmen sexado
94,variabilidade genética
95,mercado brasileiro
96,áreas encharcadas
97,áreas declivosas
98,contaminação microbiana
99,reter todas
100,longo prazo
101,tomar chuva
102,clima quente
103,transmitir agentes
104,Caso haja
105,assistência técnica
106,regiões Norte
107,população microbiana
108,cuidados sanitários
109,cinco pontos
110,Brachiaria brizantha
111,valor nutritivo
112,Brachiaria decumbens
113,Brachiaria humidicola
114,valor cultural
115,cultivar Centenário
116,cultivar Tobiatã
117,vida útil
118,azevém anual
119,umidade relativa
120,quantos meses
121,sangue europeu
122,produtos lácteos
123,sistemas intensivos
124,Brachiaria ruziziensis
125,quantos dias
126,Nesses casos
127,Além disso
128,monta natural
129,inseminação artificial
130,grandes infestações
131,altas produções
132,resíduos orgânicos
133,desempenho reprodutivo
134,provocar intoxicação
135,crescimento rasteiro
136,potencial forrageiro
137,material rico
138,pequenas quantidades
139,Brasil Central
140,condição corporal
141,cultivar Pioneiro
142,área cultivada
143,Existe algum
144,composto orgânico
145,cultivar Basilisk
146,monta controlada
147,atividade leiteira
148,planta tóxica
149,relação touro/vaca
150,raças europeias
151,plantas tóxicas
152,melhoramento genético
153,estresse térmico
154,sistemas agrossilvipastoris
155,cobertura vegetal
156,espaçamento recomendado
157,desempenho produtivo
158,solos férteis
159,aleitamento natural
160,indicadores técnicos
161,adicionar sulfato
162,deve-se descartar
163,touros melhoradores
164,eficiência reprodutiva
165,esterco líquido
166,forrageiras herbáceas
167,cultivar Nandi
168,solos ácidos
169,zebu leiteiro
170,primeira semana
171,proteína bruta
172,Podem-se usar
173,relação custo/benefício
174,silo aberto
175,espécies arbóreas
176,embriões Pive
177,composição química
178,região Sudeste
179,sistema imunológico
180,importância econômica
181,fase inicial
182,características físicas
183,agentes causadores
184,Outros fatores
185,aleitamento artificial
186,natural controlada
187,matéria seca
188,microrganismos causadores
189,touros provados
190,época chuvosa
191,valor comercial
192,causar danos
193,pastejo rotativo
194,forma sólida
195,controle estratégico
