,from,to
0,gado,cavalo
1,inclinação,declive
2,substância,química
3,substância,mistura
4,substância,matéria
5,substância,leite
6,substância,composição química
7,substância,água
8,leiteiro,gado
9,leiteiro,manteiga
10,leiteiro,ovo
11,leiteiro,leite
12,leiteiro,queijo
13,filha,mãe
14,nutritivo,gordura
15,nutritivo,ração
16,nutritivo,alimentação
17,nutritivo,energia
18,nutritivo,vitamina
19,nutritivo,proteína
20,andropogon,espécie
21,sal,fosfato
22,sal,sólido
23,sal,ph
24,sal,alimentação
25,sal,magnésio
26,sal,mistura
27,sal,alumínio
28,sal,cálcio
29,sal,composto orgânico
30,sal,água
31,brizantha,bactéria
32,brizantha,gramínea
33,heterose,animal
34,heterose,elefante
35,heterose,fêmea
36,heterose,cavalo
37,heterose,agricultura
38,heterose,planta
39,heterose,folha
40,heterose,clonagem
41,heterose,gene
42,heterose,melhoramento genético
43,heterose,espécie
44,heterose,vaca
45,heterose,genoma
46,heterose,genética
47,heterose,semente
48,sombrite,população
49,secas,irrigação
50,secas,temperatura
51,secas,ambiente
52,secas,semente
53,líquido,temperatura
54,líquido,sólido
55,líquido,volume
56,líquido,partícula
57,líquido,matéria
58,líquido,água
59,mamários,glândula
60,mamários,espécie
61,mamários,microorganismo
62,mamários,cavalo
63,mamários,bactéria
64,mamários,leite
65,mamários,hormônio
66,mamários,ovo
67,mamários,proteína
68,cmt,dna
69,cmt,genética
70,gêmeo,placenta
71,gêmeo,genoma
72,gêmeo,gestação
73,processo,insumo
74,processo,planejamento
75,processo,controle
76,processo,manutenção
77,chuvas,líquido
78,chuvas,seca
79,chuvas,inverno
80,chuvas,sólido
81,chuvas,árvore
82,chuvas,óleo
83,chuvas,agricultura
84,chuvas,planta
85,chuvas,volume
86,chuvas,bactéria
87,chuvas,solo
88,chuvas,cultura
89,chuvas,superfície
90,chuvas,água
91,concentrada,energia
92,concentrada,adição
93,concentrada,padrão
94,concentrada,frequência
95,jovens,agricultura
96,jovens,cultura
97,jovens,sexo
98,parto,placenta
99,parto,infecção
100,parto,árvore
101,parto,acidez
102,parto,útero
103,parto,lactação
104,parto,dor
105,parto,cérvix
106,parto,hormônio
107,parto,médico
108,parto,inseminação artificial
109,parto,vagina
110,parto,cultura
111,agricultura,indústria
112,agricultura,árvore
113,agricultura,irrigação
114,agricultura,produtividade
115,agricultura,fertilidade
116,agricultura,alimento
117,agricultura,microorganismo
118,agricultura,milho
119,agricultura,solo
120,agricultura,técnica
121,agricultura,cultura
122,agricultura,genética
123,agricultura,semente
124,agricultura,água
125,agricultura,transporte
126,agricultura,adubação
127,agricultura,sorgo
128,agricultura,cerca
129,agricultura,madeira
130,agricultura,produção
131,agricultura,ambiente
132,agricultura,nitrogênio
133,agricultura,fazenda
134,agricultura,eficiência
135,agricultura,medicamento
136,agricultura,fibra
137,agricultura,energia
138,agricultura,resíduo
139,partícula,energia
140,corporal,aborto
141,corporal,útero
142,corporal,enfermidade
143,corporal,dano
144,corporal,parto
145,corporal,dor
146,selênio,mineral
147,selênio,fósforo
148,selênio,sólido
149,selênio,cobalto
150,selênio,magnésio
151,selênio,sódio
152,selênio,alumínio
153,selênio,cálcio
154,selênio,composto orgânico
155,selênio,vida
156,selênio,água
157,imunoglobulina,infecção
158,imunoglobulina,ureia
159,imunoglobulina,cavalo
160,imunoglobulina,ph
161,imunoglobulina,inflamação
162,imunoglobulina,clonagem
163,imunoglobulina,gene
164,imunoglobulina,bactéria
165,imunoglobulina,parasitismo
166,imunoglobulina,genoma
167,imunoglobulina,sangue
168,imunoglobulina,organismo
169,imunoglobulina,proteína
170,maneira,papel
171,maneira,nutriente
172,maneira,árvore
173,maneira,orgânico
174,maneira,fibra
175,maneira,energia
176,maneira,planta
177,maneira,célula
178,maneira,inseto
179,maneira,solo
180,maneira,espécie
181,maneira,polpa
182,maneira,semente
183,maneira,água
184,comportamento,animal
185,comportamento,clínica
186,comportamento,glândula
187,comportamento,inseto
188,comportamento,gene
189,comportamento,espécie
190,comportamento,reação
191,comportamento,ambiente
192,comportamento,cultura
193,mercado,indústria
194,mercado,eficiência
195,mercado,transporte
196,mercado,agricultura
197,mercado,produção
198,mercado,cultura
199,papel,árvore
200,papel,fibra
201,papel,folha
202,papel,madeira
203,papel,qualidade
204,papel,suporte
205,kg,peso
206,sólido,líquido
207,sólido,volume
208,sólido,partícula
209,sólido,forma
210,sólido,matéria
211,sólido,água
212,cavalos,inverno
213,cavalos,raça
214,cavalos,transporte
215,cavalos,agricultura
216,cavalos,animal
217,cavalos,espécie
218,cavalos,genética
219,hormônio,placenta
220,hormônio,sangue
221,hormônio,célula
222,hormônio,ovário
223,hormônio,reprodução
224,hormônio,organismo
225,produção,indústria
226,produção,eficiência
227,produção,serviço
228,produção,transporte
229,produção,agricultura
230,produção,produto
231,produção,processo
232,produção,produtividade
233,produção,cultura
234,produção,custo
235,eficiente,indústria
236,eficiente,transporte
237,eficiente,agricultura
238,eficiente,energia
239,eficiente,produção
240,eficiente,cultura
241,eficiente,calor
242,bovino,zebu
243,bovino,carne
244,bovino,animal
245,bovino,pasto
246,bovino,leite
247,bovino,chifre
248,produzida,açúcar
249,produzida,água
250,bons,cultura
251,ha,área
252,infecção,microorganismo
253,infecção,inflamação
254,infecção,doença
255,infecção,bactéria
256,infecção,antibiótico
257,infecção,organismo
258,contaminem,área
259,cana,fósforo
260,cana,açúcar
261,cana,adubo
262,cana,forrageira
263,cana,espécie
264,cana,clima temperado
265,cana,milho
266,cana,leguminosa
267,cana,gramínea
268,cana,sorgo
269,cana,cultivar
270,cana,europeu
271,cana,inflorescência
272,vaca,radiação solar
273,vaca,fêmea
274,vaca,cavalo
275,vaca,zebu
276,vaca,produtividade
277,vaca,macho
278,vaca,guzerá
279,vaca,espécie
280,vaca,reprodução
281,vaca,bezerro
282,vaca,sêman
283,vaca,elefante
284,vaca,útero
285,vaca,bovino
286,vaca,carne
287,vaca,animal
288,vaca,espermatozoide
289,vaca,leite
290,vaca,inseminação artificial
291,vaca,gir
292,vaca,chifre
293,vaca,rúmen
294,vaca,melhoramento genético
295,vaca,calor
296,curral,arquitetura
297,curral,touro
298,curral,bovino
299,curral,agricultura
300,curral,milho
301,curral,população
302,parir,indústria
303,parir,calcário
304,reprodutiva,fêmea
305,reprodutiva,mosca
306,reprodutiva,célula
307,reprodutiva,macho
308,reprodutiva,bactéria
309,reprodutiva,ovo
310,reprodutiva,espécie
311,reprodutiva,ovário
312,reprodutiva,organismo
313,reprodutiva,alimento
314,reprodutiva,temperatura
315,reprodutiva,mãe
316,reprodutiva,alimentação
317,reprodutiva,genética
318,reprodutiva,semente
319,reprodutiva,animal
320,reprodutiva,clonagem
321,reprodutiva,dna
322,reprodutiva,inseto
323,reprodutiva,vida
324,reprodutiva,ambiente
325,reprodutiva,sexo
326,reprodutiva,gene
327,genoma,célula
328,genoma,dna
329,genoma,gene
330,genoma,bactéria
331,genoma,espécie
332,genoma,genética
333,genoma,organismo
334,parasita,infecção
335,parasita,alimentação
336,parasita,doença
337,parasita,parasitismo
338,parasita,bactéria
339,parasita,ovo
340,parasita,espécie
341,parasita,reprodução
342,parasita,organismo
343,pasto,fazenda
344,pasto,ração
345,pasto,irrigação
346,pasto,milho
347,pasto,agricultura
348,sangue,nutriente
349,sangue,doença
350,sangue,inseto
351,sangue,hormônio
352,sangue,vida
353,sangue,antibiótico
354,lotação,cavalo
355,lotação,transporte
356,lotação,vida
357,lotação,taxon
358,lotação,água
359,purpureum,pennisetum
360,purpureum,espécie
361,seco,superfície
362,seco,água
363,ensilagem,estiagem
364,ensilagem,alfafa
365,ensilagem,gado
366,ensilagem,leguminosa
367,ensilagem,fermentação
368,ensilagem,bactéria
369,ensilagem,proteína
370,ensilagem,forragem
371,ensilagem,intoxicação
372,ensilagem,milho
373,ensilagem,fenação
374,ensilagem,alimentação
375,ensilagem,ph
376,ensilagem,gramínea
377,ensilagem,pasto
378,ensilagem,açúcar
379,ensilagem,inverno
380,ensilagem,nutriente
381,ensilagem,planta
382,ensilagem,sorgo
383,ensilagem,matéria seca
384,ensilagem,queijo
385,ensilagem,silo
386,contagem,população
387,fabricante,eficiência
388,fabricante,transporte
389,fabricante,agricultura
390,fabricante,mercado
391,fabricante,qualidade
392,fabricante,produção
393,fabricante,cultura
394,lavoura,agricultura
395,madeira,papel
396,madeira,nutriente
397,madeira,árvore
398,madeira,orgânico
399,madeira,fibra
400,madeira,energia
401,madeira,planta
402,madeira,célula
403,madeira,inseto
404,madeira,solo
405,madeira,espécie
406,madeira,polpa
407,madeira,semente
408,madeira,água
409,fêmea,espermatozoide
410,fêmea,macho
411,fêmea,sexo
412,mineral,fósforo
413,mineral,alimento
414,mineral,fosfato
415,mineral,sólido
416,mineral,magnésio
417,mineral,cálcio
418,mineral,sal
419,mineral,composição química
420,bovino,zebu
421,bovino,carne
422,bovino,animal
423,bovino,pasto
424,bovino,leite
425,bovino,chifre
426,econômico,consumo
427,econômico,longo prazo
428,econômico,banco
429,econômico,agricultura
430,econômico,mercado
431,econômico,declive
432,econômico,dado
433,econômico,produção
434,econômico,cultura
435,econômico,custo
436,geneticamente,animal
437,geneticamente,agricultura
438,geneticamente,planta
439,geneticamente,dna
440,geneticamente,gene
441,geneticamente,variabilidade genética
442,geneticamente,genoma
443,geneticamente,organismo
444,geneticamente,proteína
445,forrageiro,alfafa
446,forrageiro,gado
447,forrageiro,agricultura
448,forrageiro,aveia
449,forrageiro,alimentação
450,forrageiro,pasto
451,forrageiro,solo
452,forrageiro,vaca
453,forrageiro,carrapato
454,parasitária,babesiose
455,dieta,médico
456,dieta,arquitetura
457,dieta,vitamina
458,dieta,química
459,azevém,espécie
460,equino,animal
461,equino,cavalo
462,informação,consumo
463,informação,padrão
464,informação,controle
465,informação,forma
466,informação,dado
467,informação,cultura
468,nitrogênio,fósforo
469,nitrogênio,alimento
470,nitrogênio,ureia
471,nitrogênio,sal
472,nitrogênio,cobalto
473,nitrogênio,selênio
474,nitrogênio,leguminosa
475,nitrogênio,magnésio
476,nitrogênio,sódio
477,nitrogênio,contaminação
478,nitrogênio,alumínio
479,nitrogênio,cálcio
480,nitrogênio,médico
481,nitrogênio,estrela
482,nitrogênio,antibiótico
483,nitrogênio,proteína
484,calcário,ph
485,calcário,fosfato
486,calcário,cálcio
487,calcário,agricultura
488,sexo,animal
489,sexo,comportamento
490,sexo,vagina
491,sexo,fêmea
492,sexo,célula
493,sexo,espermatozoide
494,sexo,inseto
495,sexo,bactéria
496,sexo,macho
497,sexo,espécie
498,sexo,genético
499,sexo,reprodução
500,sexo,cultura
501,gerente,controle
502,zebu,raça
503,zebu,bovino
504,zebu,carne
505,zebu,guzerá
506,zebu,animal
507,zebu,leite
508,zebu,espécie
509,zebu,gir
510,imediatamente,médico
511,imediatamente,água
512,veterinário,rúmen
513,veterinário,arquitetura
514,veterinário,alimento
515,veterinário,química
516,veterinário,bovino
517,veterinário,gado
518,veterinário,controle
519,veterinário,carne
520,veterinário,doença
521,veterinário,tratamento
522,veterinário,higiene
523,veterinário,leite
524,veterinário,ovo
525,veterinário,médico
526,veterinário,inseminação artificial
527,veterinário,prevenção
528,veterinário,rebanho
529,veterinário,genética
530,veterinário,cultura
531,sorgo,alimento
532,sorgo,milho
533,sorgo,solo
534,sorgo,espécie
535,rústico,arquitetura
536,detecção,imunoglobulina
537,detecção,doença
538,detecção,proteína
539,imersão,vida
540,elefante,arbusto
541,elefante,árvore
542,elefante,cavalo
543,elefante,dna
544,elefante,tanzânia
545,vacina,terapia
546,vacina,infecção
547,vacina,microorganismo
548,vacina,doença
549,vacina,sistema imunológico
550,vacina,proteína
551,consorciação,agricultura
552,consorciação,solo
553,consorciação,espécie
554,estiagem,irrigação
555,estiagem,temperatura
556,estiagem,ambiente
557,estiagem,semente
558,descartável,produto
559,descartável,durabilidade
560,conforto,rústico
561,conforto,área
562,queijo,fermentação
563,queijo,doença
564,queijo,lactose
565,queijo,bactéria
566,queijo,proteína
567,queijo,fósforo
568,queijo,alimento
569,queijo,gordura
570,queijo,parto
571,queijo,higiene
572,queijo,pasteurização
573,queijo,bovino
574,queijo,carne
575,queijo,manteiga
576,queijo,leite
577,queijo,vaca
578,queijo,aborto
579,queijo,agricultura
580,queijo,cálcio
581,garantia,equipamento
582,silo,limpeza
583,silo,fazenda
584,silo,silagem
585,silo,agricultura
586,silo,umidade
587,tetos,diarreia
588,adequado,comportamento
589,adequado,resultado
590,limpeza,corpo
591,limpeza,higiene
592,limpeza,água
593,animal,parasita
594,animal,energia
595,animal,alimentação
596,animal,célula
597,animal,inseto
598,animal,cálcio
599,animal,matéria
600,animal,espécie
601,animal,ovo
602,animal,vida
603,animal,genética
604,animal,organismo
605,animal,proteína
606,plantio,agricultura
607,vitamina,infecção
608,vitamina,radiação solar
609,vitamina,magnésio
610,vitamina,célula
611,vitamina,bactéria
612,vitamina,ovo
613,vitamina,organismo
614,vitamina,proteína
615,vitamina,fosfato
616,vitamina,parto
617,vitamina,higiene
618,vitamina,água
619,vitamina,açúcar
620,vitamina,nutriente
621,vitamina,carne
622,vitamina,manteiga
623,vitamina,leite
624,vitamina,composto orgânico
625,vitamina,queijo
626,vitamina,aborto
627,vitamina,diarreia
628,vitamina,agricultura
629,vitamina,cálcio
630,vitamina,dieta
631,cítrica,água
632,cítrica,indústria
633,cítrica,in
634,cítrica,fermentação
635,cálcio,mineral
636,cálcio,fósforo
637,cálcio,calcário
638,cálcio,fosfato
639,cálcio,acidez
640,cálcio,cobalto
641,cálcio,selênio
642,cálcio,magnésio
643,cálcio,sódio
644,cálcio,água
645,cálcio,alumínio
646,cálcio,base
647,cálcio,proteína
648,babesiose,antibiótico
649,babesiose,babesia
650,babesiose,febre
651,babesiose,bovino
652,atender,temperatura
653,atender,contagem
654,atender,serviço
655,atender,população
656,atender,cultura
657,aparecimento,melhoramento genético
658,puras,inseminação artificial
659,puras,cavalo
660,puras,raça
661,feito,banco
662,forragem,alfafa
663,forragem,gado
664,forragem,agricultura
665,forragem,aveia
666,forragem,alimentação
667,forragem,pasto
668,forragem,solo
669,forragem,vaca
670,forragem,carrapato
671,folha,inverno
672,folha,nutriente
673,folha,clima temperado
674,folha,capim
675,folha,gramínea
676,folha,volume
677,folha,célula
678,folha,madeira
679,folha,espécie
680,folha,vida
681,folha,inflorescência
682,folha,superfície
683,folha,semente
684,multípara,placenta
685,multípara,infecção
686,multípara,árvore
687,multípara,acidez
688,multípara,útero
689,multípara,lactação
690,multípara,dor
691,multípara,cérvix
692,multípara,hormônio
693,multípara,médico
694,multípara,inseminação artificial
695,multípara,vagina
696,multípara,cultura
697,cru,medicamento
698,cru,acidez
699,cru,água
700,cru,composto orgânico
701,cru,nitrogênio
702,proibido,prática
703,proibido,reprodução
704,proibido,respeito
705,fazenda,árvore
706,fazenda,cavalo
707,fazenda,agricultura
708,fazenda,gado
709,fazenda,irrigação
710,sódio,mineral
711,sódio,fósforo
712,sódio,sólido
713,sódio,cobalto
714,sódio,selênio
715,sódio,nitrogênio
716,sódio,magnésio
717,sódio,alumínio
718,sódio,cálcio
719,sódio,calor
720,sódio,água
721,gene,dna
722,gene,bactéria
723,gene,genoma
724,gene,genética
725,gene,proteína
726,somática,célula
727,somática,genética
728,compostagem,fósforo
729,compostagem,gordura
730,compostagem,proteína
731,compostagem,óleo
732,compostagem,nutriente
733,compostagem,legislação
734,compostagem,composto
735,compostagem,agricultura
736,compostagem,ph
737,compostagem,biossólido
738,compostagem,magnésio
739,compostagem,fermentação
740,compostagem,cálcio
741,compostagem,bactéria
742,compostagem,ovo
743,compostagem,solo
744,compostagem,resíduo
745,compostagem,nitrogênio
746,aleitamento,placenta
747,aleitamento,infecção
748,aleitamento,diarreia
749,aleitamento,peso
750,aleitamento,útero
751,aleitamento,parto
752,aleitamento,fertilidade
753,aleitamento,inseminação artificial
754,aleitamento,colostro
755,quantidade,medida
756,quantidade,substância
757,quantidade,forma
758,quantidade,adição
759,quantidade,qualidade
760,biológico,química
761,biológico,mosca
762,biológico,célula
763,biológico,desenvolvimento
764,biológico,bactéria
765,biológico,espécie
766,biológico,genoma
767,biológico,reprodução
768,biológico,organismo
769,biológico,arquitetura
770,biológico,comportamento
771,biológico,ph
772,biológico,sistema imunológico
773,biológico,genética
774,biológico,planta
775,biológico,dna
776,biológico,espermatozoide
777,biológico,vida
778,biológico,ambiente
779,biológico,parasita
780,biológico,agricultura
781,biológico,energia
782,biológico,população
783,biológico,gene
784,biológico,matéria
785,qualidade,eficiência
786,qualidade,serviço
787,qualidade,peso
788,qualidade,produto
789,qualidade,durabilidade
790,qualidade,produtividade
791,qualidade,cultura
792,qualidade,água
793,planta,radiação solar
794,planta,árvore
795,planta,irrigação
796,planta,leguminosa
797,planta,magnésio
798,planta,célula
799,planta,bactéria
800,planta,espécie
801,planta,organismo
802,planta,mineral
803,planta,fez
804,planta,fósforo
805,planta,arbusto
806,planta,gramínea
807,planta,solo
808,planta,taxon
809,planta,genética
810,planta,semente
811,planta,água
812,planta,cobalto
813,planta,animal
814,planta,inseto
815,planta,madeira
816,planta,sal
817,planta,inflorescência
818,planta,ambiente
819,planta,vida
820,planta,sexo
821,planta,fazenda
822,planta,parasita
823,planta,agricultura
824,planta,energia
825,planta,folha
826,planta,parasitismo
827,planta,matéria
828,planta,cálcio
829,xaraés,crônica
830,alimentar,energia
831,alimentar,alimentação
832,alimentar,inseto
833,alimentar,bactéria
834,alimentar,vaca
835,alimentar,produtor
836,alimentar,organismo
837,desinfetante,célula
838,desinfetante,ph
839,desinfetante,proteína
840,puro,diarreia
841,puro,intestino delgado
842,puro,nutriente
843,puro,hormônio
844,água,líquido
845,água,irrigação
846,água,célula
847,água,produtividade
848,água,doença
849,água,lavoura
850,água,bactéria
851,água,estrela
852,água,organismo
853,água,proteína
854,água,limpeza
855,água,temperatura
856,água,óleo
857,água,higiene
858,água,solo
859,água,sólido
860,água,planta
861,água,inseto
862,água,sal
863,água,vida
864,água,tanzânia
865,água,seca
866,água,diarreia
867,água,agricultura
868,água,energia
869,água,melhoramento genético
870,água,vitamina
871,aveia,fósforo
872,aveia,açúcar
873,aveia,gordura
874,aveia,fibra
875,aveia,leguminosa
876,aveia,magnésio
877,aveia,água
878,aveia,cálcio
879,aveia,intestino delgado
880,aveia,espécie
881,aveia,mineral
882,aveia,vitamina
883,aveia,proteína
884,adubo,seca
885,adubo,temperatura
886,adubo,água
887,adubo,solo
888,adubo,madeira
889,adubo,calor
890,inverno,clima temperado
891,inverno,estrela
892,ovo,animal
893,ovo,espermatozoide
894,ovo,gestação
895,arborização,fosfato
896,arborização,árvore
897,arborização,madeira
898,arborização,concreto
899,arborização,esterco
900,arborização,água
901,desaleitamento,forragem
902,antibiótico,microorganismo
903,antibiótico,infecção
904,antibiótico,diarreia
905,antibiótico,bactéria
906,frequência,líquido
907,frequência,matéria
908,frequência,sólido
909,dna,fósforo
910,dna,açúcar
911,dna,fosfato
912,dna,proteína
913,dna,planta
914,dna,célula
915,dna,animal
916,dna,gene
917,dna,bactéria
918,dna,espécie
919,dna,vida
920,dna,genoma
921,dna,sangue
922,dna,genética
923,dna,nitrogênio
924,modificado,clonagem
925,modificado,gene
926,modificado,bactéria
927,modificado,dna
928,modificado,espécie
929,modificado,melhoramento genético
930,modificado,genoma
931,modificado,embrapa
932,modificado,genética
933,modificado,organismo
934,fasciolose,dor
935,estratégico,comportamento
936,estratégico,legislação
937,inseminação,placenta
938,inseminação,sêman
939,inseminação,clínica
940,inseminação,útero
941,inseminação,parto
942,inseminação,espermatozoide
943,nlemfuensis,espécie
944,cestoide,alimento
945,cestoide,parasita
946,fósforo,ureia
947,fósforo,selênio
948,fósforo,magnésio
949,fósforo,doença
950,fósforo,alumínio
951,fósforo,organismo
952,fósforo,proteína
953,fósforo,mineral
954,fósforo,químico
955,fósforo,gordura
956,fósforo,fosfato
957,fósforo,idade
958,fósforo,sódio
959,fósforo,umidade
960,fósforo,água
961,fósforo,sólido
962,fósforo,cobalto
963,fósforo,mineral
964,fósforo,capacidade
965,fósforo,nitrogênio
966,fósforo,formação
967,fósforo,medicamento
968,fósforo,agricultura
969,fósforo,população
970,fósforo,cálcio
971,fósforo,dor
972,fósforo,mortalidade
973,fósforo,dieta
974,nascimento,útero
975,nascimento,célula
976,nascimento,parto
977,nascimento,semente
978,nascimento,ovo
979,nascimento,bactéria
980,nascimento,vida
981,nascimento,organismo
982,mastite,infecção
983,mastite,glândula mamária
984,mastite,inflamação
985,mastite,dor
986,mastite,bactéria
987,mastite,antibiótico
988,mastite,febre
989,essencial,alimento
990,essencial,ureia
991,essencial,proteína
992,essencial,ph
993,essencial,fermentação
994,essencial,água
995,essencial,ingestão
996,essencial,nitrogênio
997,leite,placenta
998,leite,indústria
999,leite,fêmea
1000,leite,zebu
1001,leite,selênio
1002,leite,magnésio
1003,leite,fermentação
1004,leite,doença
1005,leite,lactose
1006,leite,mastite
1007,leite,espécie
1008,leite,colostro
1009,leite,proteína
1010,leite,fósforo
1011,leite,alimento
1012,leite,gordura
1013,leite,glândula mamária
1014,leite,químico
1015,leite,mãe
1016,leite,sódio
1017,leite,lactação
1018,leite,úbere
1019,leite,higiene
1020,leite,hormônio
1021,leite,imunoglobulina
1022,leite,mistura
1023,leite,pasteurização
1024,leite,genética
1025,leite,água
1026,leite,açúcar
1027,leite,nutriente
1028,leite,bovino
1029,leite,transporte
1030,leite,planta
1031,leite,manteiga
1032,leite,inflamação
1033,leite,dna
1034,leite,vitamina
1035,leite,mineral
1036,leite,sal
1037,leite,vaca
1038,leite,queijo
1039,leite,diarreia
1040,leite,gene
1041,leite,cálcio
1042,leite,ordenha
1043,leite,mecânica
1044,mistura,ventilação
1045,mistura,substância
1046,mistura,leite
1047,mistura,química
1048,dupla,madeira
1049,ph,química
1050,ph,agricultura
1051,ph,leite
1052,ph,concentração
1053,ph,sangue
1054,ph,água
1055,fêmea,espermatozoide
1056,fêmea,macho
1057,fêmea,sexo
1058,calor,líquido
1059,calor,substância
1060,calor,partícula
1061,calor,alumínio
1062,calor,concreto
1063,calor,organismo
1064,calor,proteína
1065,calor,alimento
1066,calor,gordura
1067,calor,químico
1068,calor,temperatura
1069,calor,óleo
1070,calor,taxon
1071,calor,água
1072,calor,inverno
1073,calor,umidade relativa
1074,calor,madeira
1075,calor,vida
1076,calor,calórico
1077,calor,papel
1078,calor,área
1079,calor,energia
1080,calor,população
1081,calor,matéria
1082,terapia,doença
1083,terapia,tratamento
1084,tratar,tratado
1085,contraindicação,medicamento
1086,curral,animal
1087,curral,gado
1088,curral,cerca
1089,curral,madeira
1090,diarreia,fez
1091,diarreia,infecção
1092,diarreia,açúcar
1093,diarreia,medicamento
1094,diarreia,parasita
1095,diarreia,lactose
1096,diarreia,bactéria
1097,diarreia,intestino delgado
1098,diarreia,antibiótico
1099,biossólido,lodo
1100,biossólido,compostagem
1101,dejeto,mineral
1102,dejeto,temperatura
1103,dejeto,inverno
1104,dejeto,seca
1105,dejeto,irrigação
1106,dejeto,agricultura
1107,dejeto,planta
1108,dejeto,gramínea
1109,dejeto,cálcio
1110,dejeto,solo
1111,dejeto,sal
1112,dejeto,umidade
1113,dejeto,lagoa
1114,dejeto,água
1115,zebuíno,radiação solar
1116,zebuíno,fêmea
1117,zebuíno,cavalo
1118,zebuíno,zebu
1119,zebuíno,produtividade
1120,zebuíno,macho
1121,zebuíno,guzerá
1122,zebuíno,espécie
1123,zebuíno,reprodução
1124,zebuíno,bezerro
1125,zebuíno,sêman
1126,zebuíno,elefante
1127,zebuíno,útero
1128,zebuíno,bovino
1129,zebuíno,carne
1130,zebuíno,animal
1131,zebuíno,espermatozoide
1132,zebuíno,leite
1133,zebuíno,inseminação artificial
1134,zebuíno,gir
1135,zebuíno,chifre
1136,zebuíno,rúmen
1137,zebuíno,melhoramento genético
1138,zebuíno,calor
1139,árvore,papel
1140,árvore,arbusto
1141,árvore,hormônio
1142,árvore,clima temperado
1143,árvore,planta
1144,árvore,volume
1145,árvore,folha
1146,árvore,cerrado
1147,árvore,declive
1148,árvore,bactéria
1149,árvore,inseto
1150,árvore,espécie
1151,árvore,madeira
1152,árvore,solo
1153,árvore,altura
1154,árvore,água
1155,solo,calcário
1156,solo,adubo
1157,solo,nutriente
1158,solo,planta
1159,solo,água
1160,solo,partícula
1161,solo,fertilidade
1162,solo,sal
1163,solo,organismo
1164,solo,nitrogênio
1165,cobalto,mineral
1166,cobalto,fósforo
1167,cobalto,sólido
1168,cobalto,selênio
1169,cobalto,magnésio
1170,cobalto,sódio
1171,cobalto,alumínio
1172,cobalto,cálcio
1173,cobalto,pasteurização
1174,cobalto,vitamina
1175,magnésio,mineral
1176,magnésio,fósforo
1177,magnésio,alimento
1178,magnésio,sólido
1179,magnésio,cobalto
1180,magnésio,agricultura
1181,magnésio,selênio
1182,magnésio,sódio
1183,magnésio,dna
1184,magnésio,alumínio
1185,magnésio,cálcio
1186,magnésio,sal
1187,ingestão,fez
1188,ingestão,alimento
1189,ingestão,medicamento
1190,ingestão,parasita
1191,ingestão,alimentação
1192,ingestão,doença
1193,ingestão,bactéria
1194,ingestão,ovo
1195,ingestão,organismo
1196,nutricional,arquitetura
1197,nutricional,alimento
1198,nutricional,gordura
1199,nutricional,proteína
1200,nutricional,nutriente
1201,nutricional,química
1202,nutricional,agricultura
1203,nutricional,alimentação
1204,nutricional,carne
1205,nutricional,processo
1206,nutricional,doença
1207,nutricional,ingestão
1208,nutricional,vida
1209,nutricional,vitamina
1210,nutricional,organismo
1211,nutricional,dieta
1212,bezerro,agricultura
1213,bezerro,população
1214,libido,útero
1215,libido,energia
1216,libido,droga
1217,libido,ovário
1218,libido,vagina
1219,libido,sexo
1220,arbusto,árvore
1221,horário,inverno
1222,lagoa,irrigação
1223,lagoa,seca
1224,lagoa,inseto
1225,lagoa,área
1226,sintoma,comportamento
1227,sintoma,fez
1228,sintoma,doença
1229,sintoma,dor
1230,sintoma,tristeza
1231,sintoma,febre
1232,dactylon,nutriente
1233,dactylon,cana
1234,dactylon,impacto
1235,dactylon,pasto
1236,dactylon,solo
1237,dactylon,espécie
1238,dactylon,cynodon
1239,peletizado,alumínio
1240,peletizado,calcário
1241,resíduo,fez
1242,resíduo,óleo
1243,resíduo,adubo
1244,resíduo,máquina
1245,resíduo,organismo
1246,resíduo,agricultura
1247,resíduo,ph
1248,resíduo,doença
1249,resíduo,compostagem
1250,resíduo,nitrogênio
1251,contaminação,temperatura
1252,contaminação,indústria
1253,contaminação,concentração
1254,contaminação,química
1255,contaminação,acidez
1256,contaminação,hormônio
1257,contaminação,sistema imunológico
1258,contaminação,energia
1259,contaminação,substância
1260,contaminação,população
1261,contaminação,água
1262,contaminação,espécie
1263,contaminação,ovário
1264,contaminação,mineral
1265,contaminação,resíduo
1266,contaminação,genética
1267,contaminação,calor
1268,braquiária,cerrado
1269,braquiária,espécie
1270,clone,fez
1271,clone,época
1272,clone,célula
1273,clone,parto
1274,clone,clonagem
1275,clone,propriedade
1276,clone,genética
1277,equipamento,indústria
1278,equipamento,serviço
1279,colonião,europeu
1280,colonião,mercado
1281,andrológico,aborto
1282,andrológico,reprodução
1283,andrológico,sexo
1284,contaminado,fósforo
1285,contaminado,gordura
1286,contaminado,proteína
1287,contaminado,óleo
1288,contaminado,nutriente
1289,contaminado,química
1290,contaminado,microorganismo
1291,contaminado,água
1292,contaminado,doença
1293,contaminado,bactéria
1294,contaminado,concentração
1295,contaminado,sal
1296,contaminado,nitrogênio
1297,intramamária,antibiótico
1298,nutricional,alimento
1299,nutricional,nutriente
1300,nutricional,energia
1301,nutricional,alimentação
1302,nutricional,biológico
1303,forrageira,alfafa
1304,forrageira,gado
1305,forrageira,agricultura
1306,forrageira,aveia
1307,forrageira,alimentação
1308,forrageira,pasto
1309,forrageira,solo
1310,forrageira,vaca
1311,forrageira,carrapato
1312,corpo,inseto
1313,corpo,organismo
1314,limpa,arquitetura
1315,limpa,contagem
1316,limpa,inverno
1317,limpa,indústria
1318,limpa,açúcar
1319,limpa,umidade relativa
1320,limpa,transporte
1321,limpa,banco
1322,limpa,retirada
1323,limpa,sal
1324,limpa,europeu
1325,organismo,nutriente
1326,organismo,energia
1327,organismo,vida
1328,organismo,reprodução
1329,organismo,genética
1330,submetida,parto
1331,submetida,vagina
1332,eimeriose,doença
1333,eimeriose,diarreia
1334,eimeriose,intestino delgado
1335,óleo,alimento
1336,óleo,temperatura
1337,óleo,química
1338,óleo,insumo
1339,óleo,substância
1340,óleo,composto orgânico
1341,óleo,mecânica
1342,cigarrinha,seca
1343,cigarrinha,inseto
1344,cigarrinha,dor
1345,cigarrinha,ovo
1346,psicrotrófico,diarreia
1347,psicrotrófico,ph
1348,psicrotrófico,bactéria
1349,psicrotrófico,solo
1350,psicrotrófico,espécie
1351,gramínea,brachiaria
1352,gramínea,alimento
1353,gramínea,milho
1354,gramínea,agricultura
1355,gramínea,pasto
1356,gramínea,sorgo
1357,gramínea,espécie
1358,gramínea,inflorescência
1359,contudo,região
1360,estolonífera,composto orgânico
1361,estolonífera,inflorescência
1362,estolonífera,semente
1363,sucedâneo,vitamina
1364,sucedâneo,espécie
1365,nutriente,mineral
1366,nutriente,alimento
1367,nutriente,alimentação
1368,nutriente,substância
1369,nutriente,célula
1370,nutriente,água
1371,nutriente,adubação
1372,nutriente,sal
1373,nutriente,composto orgânico
1374,nutriente,vida
1375,nutriente,vitamina
1376,nutriente,organismo
1377,nutriente,dieta
1378,essa,topografia
1379,essa,orientação
1380,estrela,temperatura
1381,estrela,energia
1382,estrela,frequência
1383,intoxicação,alimento
1384,intoxicação,aborto
1385,intoxicação,medicamento
1386,intoxicação,planta
1387,intoxicação,droga
1388,intoxicação,inseto
1389,intoxicação,bactéria
1390,corporal,aborto
1391,corporal,útero
1392,corporal,enfermidade
1393,corporal,dano
1394,corporal,parto
1395,corporal,dor
1396,esperar,médico
1397,esperar,parto
1398,irrigação,alimento
1399,irrigação,temperatura
1400,irrigação,fazenda
1401,irrigação,eficiência
1402,irrigação,agricultura
1403,irrigação,alimentação
1404,irrigação,energia
1405,irrigação,planta
1406,irrigação,frequência
1407,irrigação,produtividade
1408,irrigação,solo
1409,irrigação,pastagem
1410,irrigação,custo
1411,irrigação,técnica
1412,irrigação,ambiente
1413,irrigação,superfície
1414,irrigação,topografia
1415,irrigação,água
1416,gir,parto
1417,gir,bovino
1418,fenação,calcário
1419,fenação,fosfato
1420,fenação,gado
1421,fenação,leguminosa
1422,fenação,planta
1423,fenação,gramínea
1424,fenação,adubação
1425,fenação,forragem
1426,aborto,gestante
1427,aborto,gestação
1428,aborto,medicamento
1429,aborto,útero
1430,aborto,enfermidade
1431,aborto,parto
1432,aborto,médico
1433,aborto,vagina
1434,aborto,sexo
1435,microorganismo,açúcar
1436,microorganismo,nutriente
1437,microorganismo,bovino
1438,microorganismo,parasita
1439,microorganismo,energia
1440,microorganismo,leguminosa
1441,microorganismo,fermentação
1442,microorganismo,dna
1443,microorganismo,lactose
1444,microorganismo,bactéria
1445,microorganismo,leite
1446,microorganismo,matéria
1447,microorganismo,solo
1448,microorganismo,vida
1449,microorganismo,queijo
1450,microorganismo,reprodução
1451,microorganismo,genética
1452,microorganismo,organismo
1453,genético,animal
1454,genético,agricultura
1455,genético,planta
1456,genético,dna
1457,genético,gene
1458,genético,variabilidade genética
1459,genético,genoma
1460,genético,organismo
1461,genético,proteína
1462,planejamento,processo
1463,planejamento,custo
1464,capineira,cultura
1465,garantir,equipamento
1466,cérvix,ovário
1467,cérvix,vagina
1468,cérvix,útero
1469,infecção,microorganismo
1470,infecção,inflamação
1471,infecção,doença
1472,infecção,bactéria
1473,infecção,antibiótico
1474,infecção,organismo
1475,clonagem,animal
1476,clonagem,glândula mamária
1477,clonagem,legislação
1478,clonagem,útero
1479,clonagem,célula
1480,clonagem,animal
1481,clonagem,gene
1482,clonagem,bactéria
1483,clonagem,reprodução
1484,clonagem,genética
1485,confinamento,irrigação
1486,confinamento,agricultura
1487,confinamento,fazenda
1488,úmido,medida
1489,úmido,temperatura
1490,úmido,umidade relativa
1491,úmido,saturação
1492,úmido,sangue
1493,úmido,água
1494,desinfecção,célula
1495,desinfecção,ph
1496,desinfecção,proteína
1497,ocorrer,estresse
1498,ocorrer,infecção
1499,ocorrer,vacina
1500,ocorrer,inflamação
1501,ocorrer,leite
1502,ocorrer,antibiótico
1503,médico,doença
1504,médico,dor
1505,médico,química
1506,transporte,líquido
1507,transporte,elefante
1508,transporte,indústria
1509,transporte,eficiência
1510,transporte,cavalo
1511,transporte,agricultura
1512,transporte,concreto
1513,transporte,produção
1514,transporte,cultura
1515,transporte,custo
1516,pasteurização,temperatura
1517,pasteurização,químico
1518,pasteurização,microorganismo
1519,pasteurização,leite
1520,pasteurização,água
1521,gestante,placenta
1522,gestante,ureia
1523,gestante,nascimento
1524,gestante,leguminosa
1525,gestante,magnésio
1526,gestante,bactéria
1527,gestante,mastite
1528,gestante,colostro
1529,gestante,reprodução
1530,gestante,proteína
1531,gestante,fez
1532,gestante,fósforo
1533,gestante,gestação
1534,gestante,útero
1535,gestante,sódio
1536,gestante,parto
1537,gestante,pasteurização
1538,gestante,carne
1539,gestante,manteiga
1540,gestante,mão
1541,gestante,espermatozoide
1542,gestante,vitamina
1543,gestante,leite
1544,gestante,inseminação artificial
1545,gestante,queijo
1546,gestante,vagina
1547,gestante,aborto
1548,gestante,diarreia
1549,gestante,droga
1550,gestante,cálcio
1551,gestante,antibiótico
1552,lactação,placenta
1553,lactação,infecção
1554,lactação,diarreia
1555,lactação,peso
1556,lactação,útero
1557,lactação,parto
1558,lactação,fertilidade
1559,lactação,inseminação artificial
1560,lactação,colostro
1561,leguminosa,alfafa
1562,leguminosa,arbusto
1563,leguminosa,árvore
1564,leguminosa,nitrogênio
1565,leguminosa,folha
1566,leguminosa,dna
1567,leguminosa,bactéria
1568,leguminosa,ovário
1569,leguminosa,forragem
1570,adulto,acasalamento
1571,adulto,cultura
1572,adulto,espécie
1573,ovário,placenta
1574,ovário,útero
1575,ovário,núcleo
1576,ovário,espermatozoide
1577,ovário,cérvix
1578,ovário,hormônio
1579,ovário,vagina
1580,matéria,líquido
1581,matéria,sólido
1582,matéria,química
1583,matéria,composto
1584,matéria,energia
1585,matéria,substância
1586,matéria,volume
1587,matéria,vida
1588,matéria,organismo
1589,inflorescência,cerrado
1590,inflorescência,semente
1591,lactose,diarreia
1592,lactose,bovino
1593,lactose,bactéria
1594,lactose,intestino delgado
1595,lactose,composto orgânico
1596,lactose,queijo
1597,lactose,sistema imunológico
1598,lactose,genética
1599,lactose,água
1600,químico,pesquisa
1601,químico,química
1602,químico,acidez
1603,químico,matéria
1604,químico,composto orgânico
1605,químico,mecânica
1606,mãe,útero
1607,mãe,vida
1608,mãe,fêmea
1609,química,líquido
1610,química,ureia
1611,química,substância
1612,química,fermentação
1613,química,célula
1614,química,estrela
1615,química,organismo
1616,química,proteína
1617,química,arquitetura
1618,química,alimento
1619,química,fósforo
1620,química,fosfato
1621,química,químico
1622,química,temperatura
1623,química,sistema
1624,química,água
1625,química,odor
1626,química,sólido
1627,química,cobalto
1628,química,dna
1629,química,sal
1630,química,composição química
1631,química,vida
1632,química,nitrogênio
1633,química,medicamento
1634,química,agricultura
1635,química,energia
1636,química,volume
1637,adotado,raça
1638,sistema,população
1639,sistema,célula
1640,sistema,organismo
1641,capim,brachiaria
1642,capim,alimento
1643,capim,milho
1644,capim,agricultura
1645,capim,gramínea
1646,capim,pasto
1647,capim,sorgo
1648,capim,espécie
1649,capim,inflorescência
1650,planta,radiação solar
1651,planta,árvore
1652,planta,irrigação
1653,planta,leguminosa
1654,planta,magnésio
1655,planta,célula
1656,planta,bactéria
1657,planta,espécie
1658,planta,organismo
1659,planta,mineral
1660,planta,fez
1661,planta,fósforo
1662,planta,arbusto
1663,planta,gramínea
1664,planta,solo
1665,planta,taxon
1666,planta,genética
1667,planta,semente
1668,planta,água
1669,planta,cobalto
1670,planta,animal
1671,planta,inseto
1672,planta,madeira
1673,planta,sal
1674,planta,inflorescência
1675,planta,ambiente
1676,planta,vida
1677,planta,sexo
1678,planta,fazenda
1679,planta,parasita
1680,planta,agricultura
1681,planta,energia
1682,planta,folha
1683,planta,parasitismo
1684,planta,matéria
1685,planta,cálcio
1686,digestibilidade,fez
1687,digestibilidade,alimento
1688,digestibilidade,nutriente
1689,digestibilidade,química
1690,digestibilidade,ph
1691,digestibilidade,célula
1692,digestibilidade,intestino delgado
1693,digestibilidade,água
1694,acidez,composto orgânico
1695,acidez,ph
1696,acidez,química
1697,infestação,mineral
1698,infestação,inverno
1699,infestação,papel
1700,infestação,óleo
1701,infestação,árvore
1702,infestação,mosca
1703,infestação,cavalo
1704,infestação,gado
1705,infestação,magnésio
1706,infestação,planta
1707,infestação,doença
1708,infestação,inseto
1709,infestação,madeira
1710,infestação,espécie
1711,infestação,umidade
1712,infestação,água
1713,glândula,glândula mamária
1714,glândula,proteína
1715,zebuíno,radiação solar
1716,zebuíno,fêmea
1717,zebuíno,cavalo
1718,zebuíno,zebu
1719,zebuíno,produtividade
1720,zebuíno,macho
1721,zebuíno,guzerá
1722,zebuíno,espécie
1723,zebuíno,reprodução
1724,zebuíno,bezerro
1725,zebuíno,sêman
1726,zebuíno,elefante
1727,zebuíno,útero
1728,zebuíno,bovino
1729,zebuíno,carne
1730,zebuíno,animal
1731,zebuíno,espermatozoide
1732,zebuíno,leite
1733,zebuíno,inseminação artificial
1734,zebuíno,gir
1735,zebuíno,chifre
1736,zebuíno,rúmen
1737,zebuíno,melhoramento genético
1738,zebuíno,calor
1739,concentração,kg
1740,concentração,substância
1741,concentração,volume
1742,concentração,química
1743,animal,parasita
1744,animal,energia
1745,animal,alimentação
1746,animal,célula
1747,animal,inseto
1748,animal,cálcio
1749,animal,matéria
1750,animal,espécie
1751,animal,ovo
1752,animal,vida
1753,animal,genética
1754,animal,organismo
1755,animal,proteína
1756,célula,proteína
1757,célula,máquina
1758,célula,parasita
1759,célula,febre maculosa
1760,célula,dna
1761,célula,gene
1762,célula,bactéria
1763,célula,vida
1764,célula,organismo
1765,célula,carrapato
1766,indicada,temperatura
1767,indicada,fazenda
1768,indicada,calcário
1769,indicada,inverno
1770,indicada,serviço
1771,indicada,transporte
1772,indicada,clima temperado
1773,indicada,agricultura
1774,indicada,milho
1775,indicada,carne
1776,indicada,leite
1777,fertilidade,animal
1778,fertilidade,gestação
1779,fertilidade,planta
1780,fertilidade,solo
1781,fertilidade,vida
1782,fertilidade,reprodução
1783,fertilidade,água
1784,cavalo,inverno
1785,cavalo,raça
1786,cavalo,transporte
1787,cavalo,agricultura
1788,cavalo,animal
1789,cavalo,espécie
1790,cavalo,genética
1791,produtividade,eficiência
1792,produtividade,agricultura
1793,produtividade,produção
1794,freezer,alimento
1795,freezer,indústria
1796,freezer,inverno
1797,freezer,máquina
1798,freezer,carne
1799,tropicais,estrela
1800,tropicais,radiação solar
1801,tropicais,sombra
1802,animal,parasita
1803,animal,energia
1804,animal,alimentação
1805,animal,célula
1806,animal,inseto
1807,animal,cálcio
1808,animal,matéria
1809,animal,espécie
1810,animal,ovo
1811,animal,vida
1812,animal,genética
1813,animal,organismo
1814,animal,proteína
1815,adubação,nutriente
1816,adubação,adubo
1817,adubação,agricultura
1818,adubação,solo
1819,adubação,esterco
1820,adubação,curral
1821,tolerância,cultura
1822,tolerância,legislação
1823,droga,comportamento
1824,droga,libido
1825,droga,medicamento
1826,lácteos,magnésio
1827,tristeza,medo
1828,carrapato,fêmea
1829,carrapato,febre maculosa
1830,carrapato,imersão
1831,carrapato,bactéria
1832,carrapato,leite
1833,carrapato,macho
1834,carrapato,babesiose
1835,carrapato,sangue
1836,carrapato,febre
1837,cultivo,indústria
1838,cultivo,árvore
1839,cultivo,irrigação
1840,cultivo,produtividade
1841,cultivo,fertilidade
1842,cultivo,alimento
1843,cultivo,microorganismo
1844,cultivo,milho
1845,cultivo,solo
1846,cultivo,técnica
1847,cultivo,cultura
1848,cultivo,genética
1849,cultivo,semente
1850,cultivo,água
1851,cultivo,transporte
1852,cultivo,adubação
1853,cultivo,sorgo
1854,cultivo,cerca
1855,cultivo,madeira
1856,cultivo,produção
1857,cultivo,ambiente
1858,cultivo,nitrogênio
1859,cultivo,fazenda
1860,cultivo,eficiência
1861,cultivo,medicamento
1862,cultivo,fibra
1863,cultivo,energia
1864,cultivo,resíduo
1865,genética,animal
1866,genética,agricultura
1867,genética,planta
1868,genética,dna
1869,genética,gene
1870,genética,variabilidade genética
1871,genética,genoma
1872,genética,organismo
1873,genética,proteína
1874,úbere,ordenha
1875,ordenha,animal
1876,ordenha,úbere
1877,ordenha,mastite
1878,ordenha,leite
1879,ordenha,água
1880,semente,temperatura
1881,semente,inverno
1882,semente,óleo
1883,semente,árvore
1884,semente,milho
1885,semente,população
1886,semente,água
1887,semente,cerrado
1888,semente,solo
1889,semente,madeira
1890,semente,hormônio
1891,semente,vida
1892,semente,reprodução
1893,semente,proteína
1894,produção,indústria
1895,produção,eficiência
1896,produção,transporte
1897,produção,agricultura
1898,produção,processo
1899,produção,produtividade
1900,produção,cultura
1901,produção,custo
1902,arquitetura,forma
1903,vida,proteína
1904,vida,máquina
1905,vida,nutriente
1906,vida,química
1907,vida,parasita
1908,vida,energia
1909,vida,célula
1910,vida,dna
1911,vida,gene
1912,vida,bactéria
1913,vida,matéria
1914,vida,espécie
1915,vida,estrela
1916,vida,calor
1917,vida,reprodução
1918,vida,genética
1919,vida,organismo
1920,vida,água
1921,artificial,química
1922,artificial,estrela
1923,artificial,ambiente
1924,artificial,mecânica
1925,artificial,genética
1926,artificial,cultura
1927,somatotropina,gene
1928,somatotropina,mastite
1929,somatotropina,hormônio
1930,semente,temperatura
1931,semente,inverno
1932,semente,óleo
1933,semente,árvore
1934,semente,milho
1935,semente,população
1936,semente,água
1937,semente,cerrado
1938,semente,solo
1939,semente,madeira
1940,semente,hormônio
1941,semente,vida
1942,semente,reprodução
1943,semente,proteína
1944,ração,sintoma
1945,ração,cavalo
1946,ração,zebu
1947,ração,mestiço
1948,ração,população
1949,ração,gene
1950,ração,macho
1951,ração,espécie
1952,ração,gir
1953,ração,genética
1954,ração,cultura
1955,microorganismo,açúcar
1956,microorganismo,nutriente
1957,microorganismo,bovino
1958,microorganismo,parasita
1959,microorganismo,energia
1960,microorganismo,leguminosa
1961,microorganismo,fermentação
1962,microorganismo,dna
1963,microorganismo,lactose
1964,microorganismo,bactéria
1965,microorganismo,leite
1966,microorganismo,matéria
1967,microorganismo,solo
1968,microorganismo,vida
1969,microorganismo,queijo
1970,microorganismo,reprodução
1971,microorganismo,genética
1972,microorganismo,organismo
1973,cultura,agricultura
1974,cultura,raça
1975,aumento,consumo
1976,aumento,estresse
1977,aumento,seca
1978,aumento,estresse térmico
1979,aumento,adubo
1980,aumento,umidade relativa
1981,aumento,agricultura
1982,aumento,milho
1983,aumento,energia
1984,aumento,ph
1985,aumento,cerrado
1986,aumento,balanço energético
1987,aumento,cálcio
1988,aumento,sorgo
1989,aumento,vida
1990,estresse,infecção
1991,estresse,nascimento
1992,estresse,açúcar
1993,estresse,medo
1994,estresse,tristeza
1995,estresse,sistema imunológico
1996,estresse,sangue
1997,estresse,genética
1998,estresse,proteína
1999,carrapato,fêmea
2000,carrapato,febre maculosa
2001,carrapato,imersão
2002,carrapato,bactéria
2003,carrapato,leite
2004,carrapato,macho
2005,carrapato,babesiose
2006,carrapato,sangue
2007,carrapato,febre
2008,cerrado,brachiaria
2009,cerrado,fósforo
2010,cerrado,estiagem
2011,cerrado,mineral
2012,cerrado,seca
2013,cerrado,pastejo
2014,cerrado,árvore
2015,cerrado,milho
2016,cerrado,área
2017,cerrado,magnésio
2018,cerrado,gramínea
2019,cerrado,umidade
2020,cerrado,pasto
2021,cerrado,alumínio
2022,cerrado,cálcio
2023,cerrado,solo
2024,cerrado,embrapa
2025,precoce,intoxicação
2026,bebedouro,piquete
2027,bebedouro,indústria
2028,bebedouro,população
2029,chuvoso,líquido
2030,chuvoso,seca
2031,chuvoso,inverno
2032,chuvoso,sólido
2033,chuvoso,árvore
2034,chuvoso,óleo
2035,chuvoso,agricultura
2036,chuvoso,planta
2037,chuvoso,volume
2038,chuvoso,bactéria
2039,chuvoso,solo
2040,chuvoso,cultura
2041,chuvoso,superfície
2042,chuvoso,água
2043,superpastejo,estresse
2044,superpastejo,aborto
2045,superpastejo,nutriente
2046,superpastejo,irrigação
2047,superpastejo,agricultura
2048,superpastejo,reação inflamatória
2049,superpastejo,cerrado
2050,superpastejo,inseto
2051,superpastejo,bactéria
2052,superpastejo,higiene
2053,superpastejo,embrapa
2054,mortalidade,aborto
2055,mortalidade,genética
2056,técnica,geração
2057,técnica,agricultura
2058,técnica,animal
2059,melhoramento,animal
2060,melhoramento,fêmea
2061,melhoramento,planta
2062,melhoramento,célula
2063,melhoramento,espermatozoide
2064,melhoramento,gene
2065,melhoramento,variabilidade genética
2066,melhoramento,leite
2067,melhoramento,genética
2068,melhoramento,semente
2069,cultivar,organismo
2070,cultivar,agricultura
2071,cultivar,espécie
2072,cultivar,taxon
2073,cultivar,semente
2074,bezerreiro,animal
2075,bezerreiro,madeira
2076,molecular,açúcar
2077,molecular,substância
2078,molecular,bactéria
2079,molecular,sal
2080,molecular,composição química
2081,molecular,água
2082,dor,terapia
2083,dor,inflamação
2084,dor,sangue
2085,dor,genética
2086,dor,sexo
2087,apresenta,mãe
2088,apresenta,peso
2089,tifton,área
2090,tifton,água
2091,tifton,população
2092,misturar,ventilação
2093,misturar,substância
2094,misturar,leite
2095,misturar,química
2096,brachiaria,cerrado
2097,brachiaria,espécie
2098,suplemento,proteína
2099,suplemento,nutriente
2100,suplemento,fibra
2101,suplemento,cálcio
2102,suplemento,mineral
2103,suplemento,vitamina
2104,suplemento,dieta
2105,acasalamento,fêmea
2106,acasalamento,adubação
2107,acasalamento,inseto
2108,acasalamento,bactéria
2109,acasalamento,macho
2110,acasalamento,espécie
2111,acasalamento,cio
2112,secar,irrigação
2113,secar,temperatura
2114,secar,ambiente
2115,secar,semente
2116,piso,arquitetura
2117,pennisetum,espécie
2118,colostro,parto
2119,colostro,água
2120,colostro,leite
2121,colostro,proteína
2122,chifre,transporte
2123,chifre,água
2124,chifre,população
2125,cultivar,organismo
2126,cultivar,agricultura
2127,cultivar,espécie
2128,cultivar,taxon
2129,cultivar,semente
2130,consumo,produção
2131,consumo,alimento
2132,consumo,distribuição
2133,reprodução,fêmea
2134,reprodução,mosca
2135,reprodução,célula
2136,reprodução,macho
2137,reprodução,bactéria
2138,reprodução,ovo
2139,reprodução,espécie
2140,reprodução,ovário
2141,reprodução,organismo
2142,reprodução,alimento
2143,reprodução,temperatura
2144,reprodução,mãe
2145,reprodução,alimentação
2146,reprodução,genética
2147,reprodução,semente
2148,reprodução,animal
2149,reprodução,clonagem
2150,reprodução,dna
2151,reprodução,inseto
2152,reprodução,vida
2153,reprodução,ambiente
2154,reprodução,sexo
2155,reprodução,gene
2156,inflamação,estresse
2157,inflamação,infecção
2158,inflamação,medicamento
2159,inflamação,reação inflamatória
2160,inflamação,droga
2161,inflamação,doença
2162,inflamação,dor
2163,inflamação,imunoglobulina
2164,inflamação,febre
2165,inflamação,genética
2166,inflamação,organismo
2167,inflamação,calor
2168,nutriente,mineral
2169,nutriente,alimento
2170,nutriente,alimentação
2171,nutriente,substância
2172,nutriente,célula
2173,nutriente,água
2174,nutriente,adubação
2175,nutriente,sal
2176,nutriente,composto orgânico
2177,nutriente,vida
2178,nutriente,vitamina
2179,nutriente,organismo
2180,nutriente,dieta
2181,dose,organismo
2182,dose,química
2183,dose,nutriente
2184,dose,dieta
2185,útero,parto
2186,útero,cérvix
2187,útero,ovário
2188,útero,vagina
2189,processamento,processo
2190,gestação,útero
2191,gestação,parto
2192,gestação,espermatozoide
2193,gestação,espécie
2194,gestação,vaca
2195,rúmen,mãe
2196,rúmen,água
2197,enxerto,planta
2198,fermentação,fósforo
2199,fermentação,açúcar
2200,fermentação,energia
2201,fermentação,substância
2202,fermentação,célula
2203,fermentação,bactéria
2204,fermentação,leite
2205,fermentação,concentração
2206,fermentação,pasteurização
2207,fermentação,sangue
2208,utilização,agricultura
2209,utilização,indústria
2210,utilização,seca
2211,durabilidade,indústria
2212,durabilidade,eficiência
2213,durabilidade,transporte
2214,durabilidade,agricultura
2215,durabilidade,produção
2216,durabilidade,cultura
2217,açúcar,ph
2218,açúcar,lactose
2219,bacteriano,animal
2220,bacteriano,infecção
2221,bacteriano,fermentação
2222,bacteriano,célula
2223,bacteriano,corpo
2224,bacteriano,febre maculosa
2225,bacteriano,doença
2226,bacteriano,bactéria
2227,bacteriano,genoma
2228,bacteriano,organismo
2229,bacteriano,proteína
2230,bacteriano,alimento
2231,bacteriano,solo
2232,bacteriano,hormônio
2233,bacteriano,genética
2234,bacteriano,água
2235,bacteriano,planta
2236,bacteriano,dna
2237,bacteriano,queijo
2238,bacteriano,ambiente
2239,bacteriano,aborto
2240,bacteriano,parasita
2241,bacteriano,núcleo
2242,bacteriano,gene
2243,bacteriano,antibiótico
2244,população,nascimento
2245,população,espécie
2246,melhorador,sal
2247,melhorador,água
2248,secagem,líquido
2249,secagem,temperatura
2250,secagem,sólido
2251,secagem,umidade
2252,secagem,célula
2253,secagem,água
2254,secagem,calor
2255,secagem,nitrogênio
2256,resíduo,fez
2257,resíduo,óleo
2258,resíduo,adubo
2259,resíduo,máquina
2260,resíduo,organismo
2261,resíduo,agricultura
2262,resíduo,ph
2263,resíduo,doença
2264,resíduo,compostagem
2265,resíduo,nitrogênio
2266,concentrado,kg
2267,concentrado,substância
2268,concentrado,volume
2269,concentrado,química
2270,calagem,calcário
2271,calagem,ph
2272,calagem,agricultura
2273,calagem,magnésio
2274,calagem,alumínio
2275,calagem,cálcio
2276,calagem,solo
2277,bicheira,parasita
2278,bicheira,vacina
2279,bicheira,animal
2280,bicheira,médico
2281,térmico,calor
2282,bezerro,pasto
2283,bezerro,bovino
2284,pta,sal
2285,pta,cobalto
2286,pta,composto orgânico
2287,pta,água
2288,invasor,gado
2289,invasor,milho
2290,invasor,espécie
2291,invasor,tanzânia
2292,raiz,fósforo
2293,raiz,árvore
2294,raiz,parasita
2295,raiz,gramínea
2296,raiz,célula
2297,raiz,madeira
2298,raiz,mineral
2299,raiz,inflorescência
2300,raiz,semente
2301,raiz,água
2302,energia,temperatura
2303,energia,eficiência
2304,energia,química
2305,energia,área
2306,energia,banco
2307,energia,planta
2308,energia,volume
2309,energia,fermentação
2310,energia,frequência
2311,energia,partícula
2312,energia,matéria
2313,energia,solo
2314,energia,vida
2315,energia,estrela
2316,energia,calor
2317,energia,sistema
2318,energia,organismo
2319,energia,água
2320,enfermidade,infecção
2321,enfermidade,sintoma
2322,enfermidade,organismo
2323,enfermidade,inflamação
2324,seca,irrigação
2325,seca,temperatura
2326,seca,ambiente
2327,seca,semente
2328,inseto,vagina
2329,inseto,fêmea
2330,inseto,mosca
2331,inseto,hormônio
2332,inseto,agricultura
2333,inseto,alimentação
2334,inseto,doença
2335,inseto,macho
2336,inseto,ovo
2337,inseto,espécie
2338,inseto,ovário
2339,inseto,reprodução
2340,premunição,infecção
2341,premunição,antibiótico
2342,transmitir,planta
2343,transmitir,medo
2344,transmitir,plantio
2345,transmitir,técnica
2346,medicamento,antibiótico
2347,bovino,radiação solar
2348,bovino,fêmea
2349,bovino,cavalo
2350,bovino,zebu
2351,bovino,produtividade
2352,bovino,macho
2353,bovino,guzerá
2354,bovino,espécie
2355,bovino,reprodução
2356,bovino,bezerro
2357,bovino,sêman
2358,bovino,elefante
2359,bovino,útero
2360,bovino,carne
2361,bovino,animal
2362,bovino,espermatozoide
2363,bovino,leite
2364,bovino,inseminação artificial
2365,bovino,gir
2366,bovino,chifre
2367,bovino,rúmen
2368,bovino,melhoramento genético
2369,bovino,calor
2370,reprodutivo,fêmea
2371,reprodutivo,mosca
2372,reprodutivo,célula
2373,reprodutivo,macho
2374,reprodutivo,bactéria
2375,reprodutivo,ovo
2376,reprodutivo,espécie
2377,reprodutivo,ovário
2378,reprodutivo,organismo
2379,reprodutivo,alimento
2380,reprodutivo,temperatura
2381,reprodutivo,mãe
2382,reprodutivo,alimentação
2383,reprodutivo,genética
2384,reprodutivo,semente
2385,reprodutivo,animal
2386,reprodutivo,clonagem
2387,reprodutivo,dna
2388,reprodutivo,inseto
2389,reprodutivo,vida
2390,reprodutivo,ambiente
2391,reprodutivo,sexo
2392,reprodutivo,gene
2393,febre,comportamento
2394,febre,sintoma
2395,febre,droga
2396,febre,doença
2397,febre,parasitismo
2398,febre,antibiótico
2399,touro,calcário
2400,touro,bovino
2401,touro,agricultura
2402,touro,população
2403,touro,cerrado
2404,touro,leite
2405,touro,madeira
2406,touro,ordenha
2407,manteiga,açúcar
2408,manteiga,gordura
2409,manteiga,lactose
2410,manteiga,leite
2411,manteiga,sal
2412,manteiga,vaca
2413,manteiga,água
2414,vagina,infecção
2415,vagina,aborto
2416,vagina,odor
2417,vagina,glândula
2418,vagina,útero
2419,vagina,ph
2420,vagina,parto
2421,vagina,mão
2422,vagina,bactéria
2423,vagina,cérvix
2424,vagina,hormônio
2425,vagina,ovário
2426,vagina,sexo
2427,bactéria,animal
2428,bactéria,infecção
2429,bactéria,fermentação
2430,bactéria,célula
2431,bactéria,corpo
2432,bactéria,febre maculosa
2433,bactéria,doença
2434,bactéria,genoma
2435,bactéria,organismo
2436,bactéria,proteína
2437,bactéria,alimento
2438,bactéria,solo
2439,bactéria,hormônio
2440,bactéria,genética
2441,bactéria,água
2442,bactéria,planta
2443,bactéria,dna
2444,bactéria,queijo
2445,bactéria,ambiente
2446,bactéria,aborto
2447,bactéria,parasita
2448,bactéria,núcleo
2449,bactéria,gene
2450,bactéria,antibiótico
2451,fibra,papel
2452,artificialmente,química
2453,artificialmente,estrela
2454,artificialmente,ambiente
2455,artificialmente,mecânica
2456,artificialmente,genética
2457,artificialmente,cultura
2458,infeccioso,microorganismo
2459,infeccioso,inflamação
2460,infeccioso,doença
2461,infeccioso,bactéria
2462,infeccioso,antibiótico
2463,infeccioso,organismo
2464,fosfato,fósforo
2465,fosfato,química
2466,fosfato,agricultura
2467,fosfato,planta
2468,fosfato,dna
2469,espermatozoide,animal
2470,espermatozoide,glândula
2471,espermatozoide,vagina
2472,espermatozoide,fêmea
2473,espermatozoide,sangue
2474,espermatozoide,útero
2475,espermatozoide,ph
2476,espermatozoide,volume
2477,espermatozoide,célula
2478,espermatozoide,doença
2479,espermatozoide,macho
2480,espermatozoide,cérvix
2481,espermatozoide,fertilidade
2482,espermatozoide,genético
2483,espermatozoide,reprodução
2484,espermatozoide,sexo
2485,semeadura,agricultura
2486,babesia,babesiose
2487,babesia,espécie
2488,babesia,bovino
2489,alimentação,alimento
2490,alimentação,nutriente
2491,alimentação,substância
2492,alimentação,água
2493,alimentação,solo
2494,alimentação,vida
2495,alimentação,reprodução
2496,alimentação,cultura
2497,alimentação,organismo
2498,alimentação,dieta
2499,curral,animal
2500,curral,gado
2501,curral,cerca
2502,curral,madeira
2503,fotossensibilização,espécie
2504,fotossensibilização,fósforo
2505,fotossensibilização,arbusto
2506,fotossensibilização,cultivar
2507,desmama,leite
2508,desmama,bezerro
2509,alumínio,mineral
2510,alumínio,fósforo
2511,alumínio,vida útil
2512,alumínio,sólido
2513,alumínio,cobalto
2514,alumínio,ph
2515,alumínio,selênio
2516,alumínio,energia
2517,alumínio,magnésio
2518,alumínio,planta
2519,alumínio,sódio
2520,alumínio,cálcio
2521,alumínio,solo
2522,alumínio,proteína
2523,milho,fósforo
2524,milho,alimento
2525,milho,açúcar
2526,milho,silagem
2527,milho,árvore
2528,milho,irrigação
2529,milho,fibra
2530,milho,carne
2531,milho,adubação
2532,milho,inseto
2533,milho,madeira
2534,milho,espécie
2535,milho,sal
2536,milho,europeu
2537,milho,vitamina
2538,milho,genética
2539,milho,proteína
2540,temperatura,líquido
2541,temperatura,proteína
2542,temperatura,sólido
2543,temperatura,química
2544,temperatura,energia
2545,temperatura,volume
2546,temperatura,água
2547,temperatura,partícula
2548,temperatura,matéria
2549,temperatura,quente
2550,temperatura,calor
2551,temperatura,sistema
2552,temperatura,frequência
2553,parasitismo,infecção
2554,parasitismo,parasita
2555,parasitismo,vermis
2556,parasitismo,doença
2557,parasitismo,bactéria
2558,medo,tristeza
2559,medo,elefante
2560,mineral,fósforo
2561,mineral,alimento
2562,mineral,fosfato
2563,mineral,sólido
2564,mineral,magnésio
2565,mineral,cálcio
2566,mineral,sal
2567,mineral,composição química
2568,realizado,técnica
2569,indústria,eficiência
2570,indústria,transporte
2571,indústria,agricultura
2572,indústria,mercado
2573,indústria,qualidade
2574,indústria,produção
2575,indústria,cultura
2576,espécie,cavalo
2577,espécie,espermatozoide
2578,espécie,cultivar
2579,espécie,organismo
2580,espécie,sexo
2581,criador,qualidade
2582,desaparecimento,dna
2583,desaparecimento,raça
2584,insumo,produção
2585,insumo,indústria
2586,adubado,ureia
2587,adubado,química
2588,adubado,irrigação
2589,adubado,leguminosa
2590,adubado,magnésio
2591,adubado,bactéria
2592,adubado,fertilidade
2593,adubado,fósforo
2594,adubado,fosfato
2595,adubado,óleo
2596,adubado,microorganismo
2597,adubado,solo
2598,adubado,base
2599,adubado,cultura
2600,adubado,semente
2601,adubado,esterco
2602,adubado,água
2603,adubado,açúcar
2604,adubado,acidez
2605,adubado,cobalto
2606,adubado,nitrogênio
2607,adubado,fazenda
2608,adubado,agricultura
2609,adubado,cálcio
2610,proteína,ureia
2611,proteína,diarreia
2612,proteína,aleitamento
2613,proteína,ph
2614,proteína,carne
2615,proteína,planta
2616,proteína,sódio
2617,proteína,célula
2618,proteína,água
2619,proteína,espermatozoide
2620,proteína,gene
2621,proteína,cálcio
2622,proteína,leite
2623,proteína,ovo
2624,proteína,vitamina
2625,proteína,queijo
2626,proteína,sangue
2627,proteína,genética
2628,proteína,semente
2629,proteína,dieta
2630,descanso,população
2631,taxonomia,espécie
2632,taxonomia,organismo
2633,taxonomia,cultivar
2634,concreto,água
2635,doença,infecção
2636,doença,sintoma
2637,doença,organismo
2638,doença,inflamação
2639,vaginal,vagina
2640,vaginal,aborto
2641,vaginal,reprodução
2642,vaginal,sexo
2643,quarto,tetos
2644,silagem,estiagem
2645,silagem,alfafa
2646,silagem,gado
2647,silagem,leguminosa
2648,silagem,fermentação
2649,silagem,bactéria
2650,silagem,proteína
2651,silagem,forragem
2652,silagem,intoxicação
2653,silagem,milho
2654,silagem,fenação
2655,silagem,alimentação
2656,silagem,ph
2657,silagem,gramínea
2658,silagem,pasto
2659,silagem,açúcar
2660,silagem,inverno
2661,silagem,nutriente
2662,silagem,ensilagem
2663,silagem,planta
2664,silagem,sorgo
2665,silagem,matéria seca
2666,silagem,queijo
2667,silagem,silo
2668,eficiência,indústria
2669,eficiência,transporte
2670,eficiência,agricultura
2671,eficiência,energia
2672,eficiência,produção
2673,eficiência,cultura
2674,eficiência,calor
2675,máquina,energia
2676,volume,área
2677,químico,líquido
2678,químico,ureia
2679,químico,substância
2680,químico,fermentação
2681,químico,célula
2682,químico,estrela
2683,químico,organismo
2684,químico,proteína
2685,químico,arquitetura
2686,químico,alimento
2687,químico,fósforo
2688,químico,fosfato
2689,químico,temperatura
2690,químico,sistema
2691,químico,água
2692,químico,odor
2693,químico,sólido
2694,químico,cobalto
2695,químico,dna
2696,químico,sal
2697,químico,composição química
2698,químico,vida
2699,químico,nitrogênio
2700,químico,medicamento
2701,químico,agricultura
2702,químico,energia
2703,químico,volume
2704,carne,alimento
2705,carne,gordura
2706,carne,proteína
2707,carne,raça
2708,carne,agricultura
2709,carne,ph
2710,carne,leguminosa
2711,carne,animal
2712,carne,água
2713,carne,dna
2714,carne,leite
2715,carne,dieta
2716,lodo,mineral
2717,lodo,nutriente
2718,lodo,agricultura
2719,lodo,substância
2720,lodo,desenvolvimento
2721,lodo,partícula
2722,lodo,solo
2723,lodo,lama
2724,leguminosa,alfafa
2725,leguminosa,arbusto
2726,leguminosa,árvore
2727,leguminosa,nitrogênio
2728,leguminosa,folha
2729,leguminosa,dna
2730,leguminosa,bactéria
2731,leguminosa,ovário
2732,leguminosa,forragem
2733,cultivar,organismo
2734,cultivar,agricultura
2735,cultivar,espécie
2736,cultivar,taxon
2737,cultivar,semente
2738,reprodutor,animal
2739,reprodutor,sêman
2740,reprodutor,vagina
2741,reprodutor,gestação
2742,reprodutor,aptidão
2743,reprodutor,glândula mamária
2744,reprodutor,fêmea
2745,reprodutor,útero
2746,reprodutor,espermatozoide
2747,reprodutor,macho
2748,reprodutor,cérvix
2749,reprodutor,hormônio
2750,reprodutor,ovário
2751,reprodutor,reprodução
2752,reprodutor,genética
2753,reprodutor,organismo
2754,reprodutor,sexo
2755,carrapaticida,fêmea
2756,carrapaticida,febre maculosa
2757,carrapaticida,imersão
2758,carrapaticida,bactéria
2759,carrapaticida,leite
2760,carrapaticida,macho
2761,carrapaticida,babesiose
2762,carrapaticida,sangue
2763,carrapaticida,febre
2764,intramamárias,antibiótico
2765,alimento,cavalo
2766,alimento,substância
2767,alimento,ovo
2768,alimento,reprodução
2769,alimento,organismo
2770,alimento,proteína
2771,alimento,gordura
2772,alimento,coleta
2773,alimento,milho
2774,alimento,alimentação
2775,alimento,cultura
2776,alimento,água
2777,alimento,açúcar
2778,alimento,carne
2779,alimento,manteiga
2780,alimento,inseto
2781,alimento,leite
2782,alimento,vaca
2783,alimento,queijo
2784,alimento,vida
2785,alimento,nitrogênio
2786,alimento,agricultura
2787,alimento,aveia
2788,alimento,energia
2789,alimento,matéria
2790,alimento,sangue
2791,guzerá,raça
2792,guzerá,bovino
2793,guzerá,zebu
2794,guzerá,leite
2795,rodízio,transporte
2796,ogm,clonagem
2797,ogm,gene
2798,ogm,bactéria
2799,ogm,dna
2800,ogm,espécie
2801,ogm,melhoramento genético
2802,ogm,genoma
2803,ogm,embrapa
2804,ogm,genética
2805,ogm,organismo
2806,macho,fêmea
2807,macho,célula
2808,macho,espermatozoide
2809,macho,espécie
2810,macho,reprodução
2811,macho,sexo
2812,panicum,ovário
2813,panicum,espécie
2814,odor,libido
2815,higiene,limpeza
2816,higiene,desinfecção
2817,higiene,doença
2818,higiene,técnica
2819,higiene,organismo
2820,desempenho,máquina
2821,desempenho,equipamento
2822,desempenho,transporte
2823,desempenho,produto
2824,desempenho,animal
2825,desempenho,processo
2826,desempenho,sistema
2827,microbiana,alimento
2828,microbiana,ureia
2829,microbiana,fosfato
2830,microbiana,ph
2831,microbiana,magnésio
2832,microbiana,corpo
2833,microbiana,água
2834,microbiana,lactose
2835,microbiana,cálcio
2836,microbiana,imunoglobulina
2837,microbiana,organismo
2838,microbiana,proteína
2839,mosca,genoma
2840,mosca,gene
2841,mosca,genética
2842,utilizar,concreto
2843,fuste,arquitetura
2844,fuste,árvore
2845,crioscopia,líquido
2846,crioscopia,temperatura
2847,crioscopia,química
2848,placenta,útero
2849,congelado,água
2850,congelado,sangue
2851,congelado,substância
2852,congelado,proteína
2853,anormal,parasita
2854,anormal,energia
2855,anormal,alimentação
2856,anormal,célula
2857,anormal,animal
2858,anormal,inseto
2859,anormal,cálcio
2860,anormal,matéria
2861,anormal,espécie
2862,anormal,ovo
2863,anormal,vida
2864,anormal,genética
2865,anormal,organismo
2866,anormal,proteína
2867,subclínica,doença
2868,subclínica,antibiótico
2869,subclínica,inflamação
2870,mineral,fósforo
2871,mineral,alimento
2872,mineral,fosfato
2873,mineral,sólido
2874,mineral,magnésio
2875,mineral,cálcio
2876,mineral,sal
2877,mineral,composição química
2878,ureia,alimento
2879,ureia,proteína
2880,ureia,célula
2881,ureia,água
2882,ureia,sal
2883,ureia,composto orgânico
2884,ureia,sangue
2885,ureia,semente
2886,ureia,nitrogênio
2887,cynodon,espécie
2888,forrageira,alfafa
2889,forrageira,gado
2890,forrageira,agricultura
2891,forrageira,aveia
2892,forrageira,alimentação
2893,forrageira,pasto
2894,forrageira,solo
2895,forrageira,vaca
2896,forrageira,carrapato
2897,umidade,medida
2898,umidade,temperatura
2899,umidade,umidade relativa
2900,umidade,saturação
2901,umidade,sangue
2902,umidade,água
2903,reprodutivo,fêmea
2904,reprodutivo,mosca
2905,reprodutivo,célula
2906,reprodutivo,macho
2907,reprodutivo,bactéria
2908,reprodutivo,ovo
2909,reprodutivo,espécie
2910,reprodutivo,ovário
2911,reprodutivo,organismo
2912,reprodutivo,alimento
2913,reprodutivo,temperatura
2914,reprodutivo,mãe
2915,reprodutivo,alimentação
2916,reprodutivo,genética
2917,reprodutivo,semente
2918,reprodutivo,animal
2919,reprodutivo,clonagem
2920,reprodutivo,dna
2921,reprodutivo,inseto
2922,reprodutivo,vida
2923,reprodutivo,ambiente
2924,reprodutivo,sexo
2925,reprodutivo,gene
2926,humano,consumo
2927,humano,placenta
2928,humano,radiação solar
2929,humano,fêmea
2930,humano,gado
2931,humano,irrigação
2932,humano,célula
2933,humano,doença
2934,humano,macho
2935,humano,espécie
2936,humano,genoma
2937,humano,reprodução
2938,humano,libido
2939,humano,alimento
2940,humano,gordura
2941,humano,gestação
2942,humano,mãe
2943,humano,serviço
2944,humano,útero
2945,humano,parto
2946,humano,europeu
2947,humano,tristeza
2948,humano,genética
2949,humano,cultura
2950,humano,água
2951,humano,transporte
2952,humano,mercado
2953,humano,animal
2954,humano,kg
2955,humano,dna
2956,humano,inseto
2957,humano,mão
2958,humano,produção
2959,humano,vida
2960,humano,nitrogênio
2961,humano,sexo
2962,humano,peso
2963,humano,agricultura
2964,humano,população
2965,humano,gene
2966,humano,dieta
2967,alfafa,área
2968,alfafa,indústria
2969,alfafa,população
2970,silo,limpeza
2971,silo,fazenda
2972,silo,silagem
2973,silo,agricultura
2974,silo,umidade
2975,detectar,máquina
2976,detectar,equipamento
2977,detectar,substância
2978,detectar,corpo
2979,detectar,partícula
2980,mestiço,europeu
2981,mestiço,raça
2982,raça,sintoma
2983,raça,cavalo
2984,raça,zebu
2985,raça,mestiço
2986,raça,população
2987,raça,gene
2988,raça,macho
2989,raça,espécie
2990,raça,gir
2991,raça,genética
2992,raça,cultura
2993,infestação,infecção
2994,infestação,infecção
2995,infestação,parasita
2996,infestação,vermis
2997,infestação,bactéria
2998,infestação,carrapato
2999,cerca,concreto
3000,cerca,madeira
3001,área,superfície
3002,área,volume
3003,custo,serviço
3004,custo,energia
3005,custo,produção
3006,mamário,animal
3007,mamário,seca
3008,mamário,indústria
3009,mamário,calcário
3010,mamário,serviço
3011,mamário,árvore
3012,mamário,população
3013,mamário,inseto
3014,mamário,umidade
3015,Mastite Teste,infecção
3016,Mastite Teste,glândula mamária
3017,Mastite Teste,inflamação
3018,Mastite Teste,dor
3019,Mastite Teste,bactéria
3020,Mastite Teste,antibiótico
3021,Mastite Teste,febre
3022,Pennisetum purpureum,pennisetum
3023,Pennisetum purpureum,espécie
3024,Streptococcus agalactiae,vacina
3025,Streptococcus agalactiae,útero
3026,Streptococcus agalactiae,infecção
3027,Streptococcus agalactiae,espécie
3028,corrente sanguínea,nutriente
3029,corrente sanguínea,doença
3030,corrente sanguínea,inseto
3031,corrente sanguínea,hormônio
3032,corrente sanguínea,vida
3033,corrente sanguínea,antibiótico
3034,raios solares,radiação solar
3035,Custo Operacional,serviço
3036,Custo Operacional,legislação
3037,Custo Operacional,energia
3038,Custo Operacional,produção
3039,cevada úmida,milho
3040,cevada úmida,aveia
3041,cevada úmida,carne
3042,cevada úmida,fermentação
3043,cevada úmida,intestino delgado
3044,cevada úmida,leite
3045,cevada úmida,sal
3046,cevada úmida,semente
3047,cevada úmida,proteína
3048,distúrbios metabólicos,sistema imunológico
3049,distúrbios metabólicos,infecção
3050,distúrbios metabólicos,inflamação
3051,Staphylococcus aureus,febre
3052,Staphylococcus aureus,espécie
3053,radiação solar,área
3054,radiação solar,temperatura
3055,radiação solar,frequência
3056,radiação solar,calor
3057,Taiwan A-146,tanzânia
3058,intestino delgado,fez
3059,intestino delgado,glândula
3060,intestino delgado,gordura
3061,intestino delgado,nutriente
3062,intestino delgado,acidez
3063,intestino delgado,ph
3064,intestino delgado,sódio
3065,intestino delgado,célula
3066,intestino delgado,água
3067,intestino delgado,cálcio
3068,intestino delgado,hormônio
3069,intestino delgado,proteína
3070,geneticamente modificados,clonagem
3071,geneticamente modificados,gene
3072,geneticamente modificados,bactéria
3073,geneticamente modificados,dna
3074,geneticamente modificados,espécie
3075,geneticamente modificados,melhoramento genético
3076,geneticamente modificados,genoma
3077,geneticamente modificados,embrapa
3078,geneticamente modificados,genética
3079,geneticamente modificados,organismo
3080,dupla aptidão,bovino
3081,dupla aptidão,gado
3082,dupla aptidão,zebu
3083,dupla aptidão,carne
3084,dupla aptidão,leite
3085,dupla aptidão,guzerá
3086,balanço energético,energia
3087,silo aéreo,silo
3088,Cynodon dactylon,nutriente
3089,Cynodon dactylon,cana
3090,Cynodon dactylon,impacto
3091,Cynodon dactylon,pasto
3092,Cynodon dactylon,solo
3093,Cynodon dactylon,espécie
3094,Cynodon dactylon,cynodon
3095,quarto mamário,genética
3096,febre maculosa,diarreia
3097,febre maculosa,aborto
3098,febre maculosa,bactéria
3099,febre maculosa,febre
3100,febre maculosa,carrapato
3101,fosfato bicálcico,ureia
3102,fosfato bicálcico,química
3103,fosfato bicálcico,irrigação
3104,fosfato bicálcico,leguminosa
3105,fosfato bicálcico,magnésio
3106,fosfato bicálcico,bactéria
3107,fosfato bicálcico,fertilidade
3108,fosfato bicálcico,fósforo
3109,fosfato bicálcico,fosfato
3110,fosfato bicálcico,óleo
3111,fosfato bicálcico,microorganismo
3112,fosfato bicálcico,solo
3113,fosfato bicálcico,base
3114,fosfato bicálcico,cultura
3115,fosfato bicálcico,semente
3116,fosfato bicálcico,esterco
3117,fosfato bicálcico,água
3118,fosfato bicálcico,açúcar
3119,fosfato bicálcico,acidez
3120,fosfato bicálcico,cobalto
3121,fosfato bicálcico,nitrogênio
3122,fosfato bicálcico,fazenda
3123,fosfato bicálcico,agricultura
3124,fosfato bicálcico,cálcio
3125,Panicum maximum,espécie
3126,Panicum maximum,gramínea
3127,Panicum maximum,panicum
3128,Cynodon nlemfuensis,espécie
3129,ser humano,consumo
3130,ser humano,placenta
3131,ser humano,radiação solar
3132,ser humano,fêmea
3133,ser humano,gado
3134,ser humano,irrigação
3135,ser humano,célula
3136,ser humano,doença
3137,ser humano,macho
3138,ser humano,espécie
3139,ser humano,genoma
3140,ser humano,reprodução
3141,ser humano,libido
3142,ser humano,alimento
3143,ser humano,gordura
3144,ser humano,gestação
3145,ser humano,mãe
3146,ser humano,serviço
3147,ser humano,útero
3148,ser humano,parto
3149,ser humano,europeu
3150,ser humano,tristeza
3151,ser humano,genética
3152,ser humano,cultura
3153,ser humano,água
3154,ser humano,transporte
3155,ser humano,mercado
3156,ser humano,animal
3157,ser humano,kg
3158,ser humano,dna
3159,ser humano,inseto
3160,ser humano,mão
3161,ser humano,produção
3162,ser humano,vida
3163,ser humano,nitrogênio
3164,ser humano,sexo
3165,ser humano,peso
3166,ser humano,agricultura
3167,ser humano,população
3168,ser humano,gene
3169,ser humano,dieta
3170,clima temperado,inverno
3171,prejuízo econômico,custo
3172,glândula mamária,glândula
3173,glândula mamária,espécie
3174,glândula mamária,microorganismo
3175,glândula mamária,cavalo
3176,glândula mamária,bactéria
3177,glândula mamária,leite
3178,glândula mamária,hormônio
3179,glândula mamária,ovo
3180,glândula mamária,proteína
3181,deficiência nutricional,nutriente
3182,deficiência nutricional,agricultura
3183,deficiência nutricional,antibiótico
3184,deficiência nutricional,dieta
3185,deficiência nutricional,vitamina
3186,deficiência nutricional,proteína
3187,célula somática,célula
3188,célula somática,reprodução
3189,médico veterinário,rúmen
3190,médico veterinário,arquitetura
3191,médico veterinário,alimento
3192,médico veterinário,química
3193,médico veterinário,bovino
3194,médico veterinário,gado
3195,médico veterinário,controle
3196,médico veterinário,carne
3197,médico veterinário,doença
3198,médico veterinário,tratamento
3199,médico veterinário,higiene
3200,médico veterinário,leite
3201,médico veterinário,ovo
3202,médico veterinário,médico
3203,médico veterinário,inseminação artificial
3204,médico veterinário,prevenção
3205,médico veterinário,rebanho
3206,médico veterinário,genética
3207,médico veterinário,cultura
3208,estresse calórico,vitamina
3209,infecção uterina,médico
3210,infecção uterina,infecção
3211,infecção uterina,aborto
3212,infecção uterina,útero
3213,baixa temperatura,temperatura
3214,baixa temperatura,energia
3215,baixa temperatura,calor
3216,ressemeadura natural,milho
3217,ressemeadura natural,agricultura
3218,ressemeadura natural,calagem
3219,ressemeadura natural,processo
3220,ressemeadura natural,pasto
3221,ressemeadura natural,sorgo
3222,ressemeadura natural,solo
3223,ressemeadura natural,pastagem
3224,ressemeadura natural,matéria seca
3225,ressemeadura natural,rebanho
3226,ressemeadura natural,semente
3227,bactérias Gram-negativas,antibiótico
3228,bactérias Gram-negativas,bactéria
3229,microrganismo patogênico,açúcar
3230,microrganismo patogênico,nutriente
3231,microrganismo patogênico,bovino
3232,microrganismo patogênico,parasita
3233,microrganismo patogênico,energia
3234,microrganismo patogênico,leguminosa
3235,microrganismo patogênico,fermentação
3236,microrganismo patogênico,dna
3237,microrganismo patogênico,lactose
3238,microrganismo patogênico,bactéria
3239,microrganismo patogênico,leite
3240,microrganismo patogênico,matéria
3241,microrganismo patogênico,solo
3242,microrganismo patogênico,vida
3243,microrganismo patogênico,queijo
3244,microrganismo patogênico,reprodução
3245,microrganismo patogênico,genética
3246,microrganismo patogênico,organismo
3247,variabilidade genética,população
3248,variabilidade genética,gene
3249,variabilidade genética,espécie
3250,área encharcada,placenta
3251,área encharcada,embriõe
3252,área encharcada,fosfato
3253,área encharcada,sal
3254,área encharcada,microorganismo
3255,área encharcada,ph
3256,área encharcada,kg
3257,área encharcada,gene
3258,área encharcada,solo
3259,área encharcada,ha
3260,área encharcada,água
3261,contaminação microbiana,bactéria
3262,área declivosa,calcário
3263,clima quente,inverno
3264,população microbiana,líquido
3265,população microbiana,fez
3266,população microbiana,fósforo
3267,população microbiana,açúcar
3268,população microbiana,ureia
3269,população microbiana,sólido
3270,população microbiana,ph
3271,população microbiana,energia
3272,população microbiana,carne
3273,população microbiana,vitamina
3274,população microbiana,bactéria
3275,população microbiana,ovo
3276,população microbiana,vagina
3277,população microbiana,nitrogênio
3278,Brachiaria brizantha,bactéria
3279,Brachiaria brizantha,gramínea
3280,cuidado sanitário,fezes
3281,cuidado sanitário,higiene
3282,cuidado sanitário,química
3283,cuidado sanitário,água
3284,Brachiaria decumbens,bactéria
3285,Brachiaria decumbens,gramínea
3286,Brachiaria humidicola,bactéria
3287,Brachiaria humidicola,gramínea
3288,vida útil,alimento
3289,vida útil,durabilidade
3290,produto lácteo,animal
3291,produto lácteo,infecção
3292,produto lácteo,química
3293,produto lácteo,cavalo
3294,produto lácteo,magnésio
3295,produto lácteo,fermentação
3296,produto lácteo,lactose
3297,produto lácteo,bactéria
3298,produto lácteo,intestino delgado
3299,produto lácteo,ovo
3300,produto lácteo,proteína
3301,produto lácteo,fósforo
3302,produto lácteo,alimento
3303,produto lácteo,temperatura
3304,produto lácteo,fosfato
3305,produto lácteo,sódio
3306,produto lácteo,úbere
3307,produto lácteo,imunoglobulina
3308,produto lácteo,pasteurização
3309,produto lácteo,água
3310,produto lácteo,açúcar
3311,produto lácteo,carne
3312,produto lácteo,manteiga
3313,produto lácteo,vitamina
3314,produto lácteo,leite
3315,produto lácteo,sabor
3316,produto lácteo,queijo
3317,produto lácteo,vaca
3318,produto lácteo,nitrogênio
3319,produto lácteo,homogeneização
3320,produto lácteo,diarreia
3321,produto lácteo,rebanho
3322,produto lácteo,cálcio
3323,produto lácteo,ordenha
3324,produto lácteo,antibiótico
3325,produto lácteo,dieta
3326,Brachiaria ruziziensis,brachiaria
3327,inseminação artificial,placenta
3328,inseminação artificial,sêman
3329,inseminação artificial,clínica
3330,inseminação artificial,útero
3331,inseminação artificial,parto
3332,inseminação artificial,espermatozoide
3333,desempenho reprodutivo,animal
3334,desempenho reprodutivo,elefante
3335,desempenho reprodutivo,fêmea
3336,desempenho reprodutivo,cavalo
3337,desempenho reprodutivo,agricultura
3338,desempenho reprodutivo,planta
3339,desempenho reprodutivo,folha
3340,desempenho reprodutivo,clonagem
3341,desempenho reprodutivo,gene
3342,desempenho reprodutivo,melhoramento genético
3343,desempenho reprodutivo,espécie
3344,desempenho reprodutivo,vaca
3345,desempenho reprodutivo,genoma
3346,desempenho reprodutivo,genética
3347,desempenho reprodutivo,semente
3348,intoxicação,medicamento
3349,intoxicação,inflamação
3350,intoxicação,dor
3351,intoxicação,hormônio
3352,intoxicação,antibiótico
3353,intoxicação,febre
3354,crescimento rasteiro,genética
3355,cultivar Centenário,agricultura
3356,cultivar Centenário,cerrado
3357,cultivar Centenário,mestiço
3358,azevém anual,estrela
3359,azevém anual,concreto
3360,azevém anual,transporte
3361,sistema intensivo,irrigação
3362,sistema intensivo,agricultura
3363,sistema intensivo,fazenda
3364,sistema intensivo,solo
3365,potencial forrageiro,animal
3366,potencial forrageiro,árvore
3367,potencial forrageiro,espécie
3368,potencial forrageiro,proteína
3369,potencial forrageiro,mineral
3370,potencial forrageiro,fez
3371,potencial forrageiro,alimento
3372,potencial forrageiro,temperatura
3373,potencial forrageiro,alimentação
3374,potencial forrageiro,solo
3375,potencial forrageiro,semente
3376,potencial forrageiro,água
3377,potencial forrageiro,bovino
3378,potencial forrageiro,planta
3379,potencial forrageiro,madeira
3380,potencial forrageiro,copa
3381,potencial forrageiro,seca
3382,potencial forrageiro,forrageira
3383,potencial forrageiro,energia
3384,potencial forrageiro,folha
3385,área cultivada,milho
3386,área cultivada,forragem
3387,composto orgânico,fósforo
3388,composto orgânico,químico
3389,composto orgânico,ureia
3390,composto orgânico,química
3391,composto orgânico,vida
3392,composto orgânico,nitrogênio
3393,resíduo orgânico,fez
3394,resíduo orgânico,óleo
3395,resíduo orgânico,adubo
3396,resíduo orgânico,máquina
3397,resíduo orgânico,organismo
3398,resíduo orgânico,agricultura
3399,resíduo orgânico,ph
3400,resíduo orgânico,doença
3401,resíduo orgânico,compostagem
3402,resíduo orgânico,nitrogênio
3403,cultivar Basilisk,arquitetura
3404,cultivar Basilisk,fazenda
3405,cultivar Basilisk,gordura
3406,cultivar Basilisk,acasalamento
3407,cultivar Basilisk,arbusto
3408,cultivar Basilisk,inverno
3409,cultivar Basilisk,agricultura
3410,cultivar Basilisk,clima temperado
3411,cultivar Basilisk,pastagem
3412,cultivar Basilisk,água
3413,atividade leiteira,animal
3414,atividade leiteira,úbere
3415,atividade leiteira,mastite
3416,atividade leiteira,leite
3417,atividade leiteira,água
3418,planta tóxica,intoxicação
3419,planta tóxica,aborto
3420,planta tóxica,intoxicação
3421,planta tóxica,aborto
3422,raça europeia,sintoma
3423,raça europeia,cavalo
3424,raça europeia,zebu
3425,raça europeia,mestiço
3426,raça europeia,população
3427,raça europeia,gene
3428,raça europeia,macho
3429,raça europeia,espécie
3430,raça europeia,gir
3431,raça europeia,genética
3432,raça europeia,cultura
3433,melhoramento genético,animal
3434,melhoramento genético,fêmea
3435,melhoramento genético,planta
3436,melhoramento genético,célula
3437,melhoramento genético,espermatozoide
3438,melhoramento genético,gene
3439,melhoramento genético,variabilidade genética
3440,melhoramento genético,leite
3441,melhoramento genético,genética
3442,melhoramento genético,semente
3443,estresse térmico,célula
3444,estresse térmico,bactéria
3445,estresse térmico,proteína
3446,sistema agrossilvipastoril,inflorescência
3447,sistema agrossilvipastoril,proteína
3448,sistema agrossilvipastoril,espécie
3449,espaçamento recomendado,temperatura
3450,espaçamento recomendado,radiação solar
3451,espaçamento recomendado,óleo
3452,espaçamento recomendado,adubo
3453,espaçamento recomendado,irrigação
3454,espaçamento recomendado,agricultura
3455,espaçamento recomendado,fibra
3456,espaçamento recomendado,leguminosa
3457,espaçamento recomendado,planta
3458,espaçamento recomendado,água
3459,espaçamento recomendado,desenvolvimento
3460,espaçamento recomendado,doença
3461,espaçamento recomendado,alumínio
3462,espaçamento recomendado,solo
3463,espaçamento recomendado,plantio
3464,espaçamento recomendado,produção
3465,espaçamento recomendado,polpa
3466,espaçamento recomendado,umidade
3467,espaçamento recomendado,genética
3468,espaçamento recomendado,nitrogênio
3469,cobertura vegetal,planta
3470,cobertura vegetal,estação
3471,cobertura vegetal,folha
3472,cobertura vegetal,água
3473,cobertura vegetal,cerrado
3474,cobertura vegetal,solo
3475,cobertura vegetal,espécie
3476,cobertura vegetal,umidade
3477,cobertura vegetal,nitrogênio
3478,aleitamento natural,vaca
3479,aleitamento natural,doença
3480,eficiência reprodutiva,copa
3481,eficiência reprodutiva,inclinação
3482,eficiência reprodutiva,eficiência
3483,forrageira herbácea,animal
3484,forrageira herbácea,árvore
3485,forrageira herbácea,espécie
3486,forrageira herbácea,proteína
3487,forrageira herbácea,mineral
3488,forrageira herbácea,fez
3489,forrageira herbácea,alimento
3490,forrageira herbácea,temperatura
3491,forrageira herbácea,alimentação
3492,forrageira herbácea,solo
3493,forrageira herbácea,semente
3494,forrageira herbácea,água
3495,forrageira herbácea,bovino
3496,forrageira herbácea,planta
3497,forrageira herbácea,madeira
3498,forrageira herbácea,copa
3499,forrageira herbácea,seca
3500,forrageira herbácea,forrageira
3501,forrageira herbácea,energia
3502,forrageira herbácea,folha
3503,proteína bruta,ureia
3504,proteína bruta,diarreia
3505,proteína bruta,aleitamento
3506,proteína bruta,ph
3507,proteína bruta,carne
3508,proteína bruta,planta
3509,proteína bruta,sódio
3510,proteína bruta,célula
3511,proteína bruta,água
3512,proteína bruta,espermatozoide
3513,proteína bruta,gene
3514,proteína bruta,cálcio
3515,proteína bruta,leite
3516,proteína bruta,ovo
3517,proteína bruta,vitamina
3518,proteína bruta,queijo
3519,proteína bruta,sangue
3520,proteína bruta,genética
3521,proteína bruta,semente
3522,proteína bruta,dieta
3523,silo aberto,arquitetura
3524,composição química,fósforo
3525,composição química,química
3526,composição química,nitrogênio
3527,composição química,substância
3528,composição química,matéria
3529,composição química,vitamina
3530,composição química,proteína
3531,sistema imunológico,infecção
3532,sistema imunológico,célula
3533,sistema imunológico,doença
3534,sistema imunológico,ovo
3535,sistema imunológico,genoma
3536,sistema imunológico,antibiótico
3537,sistema imunológico,organismo
3538,sistema imunológico,proteína
3539,sistema imunológico,microorganismo
3540,sistema imunológico,ph
3541,sistema imunológico,imunoglobulina
3542,sistema imunológico,febre
3543,sistema imunológico,nutriente
3544,sistema imunológico,planta
3545,sistema imunológico,inflamação
3546,sistema imunológico,animal
3547,sistema imunológico,inseto
3548,sistema imunológico,vagina
3549,sistema imunológico,parasita
3550,sistema imunológico,folha
3551,sistema imunológico,gene
3552,sistema imunológico,sangue
3553,aleitamento artificial,inseminação artificial
3554,aleitamento artificial,aleitamento
3555,aleitamento artificial,parto
3556,aleitamento artificial,sexo
3557,matéria seca,gordura
3558,matéria seca,nutriente
3559,matéria seca,silagem
3560,matéria seca,peso
3561,matéria seca,agricultura
3562,matéria seca,carne
3563,matéria seca,manteiga
3564,matéria seca,fermentação
3565,matéria seca,lactose
3566,matéria seca,leite
3567,matéria seca,queijo
3568,matéria seca,vitamina
3569,matéria seca,proteína
3570,época chuvosa,inverno
3571,época chuvosa,clima temperado
3572,época chuvosa,ph
3573,época chuvosa,agricultura
3574,época chuvosa,solo
3575,valor comercial,árvore
3576,valor comercial,mosca
3577,valor comercial,cerrado
3578,valor comercial,madeira
3579,valor comercial,espécie
3580,tristeza parasitária bovina,bactéria
3581,tristeza parasitária bovina,chifre
3582,tristeza parasitária bovina,carrapato
3583,forma sólida,líquido
3584,forma sólida,volume
3585,forma sólida,partícula
3586,forma sólida,forma
3587,forma sólida,matéria
3588,forma sólida,água
3589,característica física,arquitetura
3590,característica física,temperatura
3591,característica física,indústria
3592,característica física,máquina
3593,característica física,química
3594,característica física,transporte
3595,característica física,área
3596,característica física,energia
3597,característica física,volume
3598,característica física,frequência
3599,característica física,topografia
3600,característica física,água
3601,característica física,matéria
3602,característica física,estrela
3603,característica física,prática
3604,característica física,mecânica
3605,característica física,genética
3606,característica física,organismo
3607,característica física,calor
